opis_id,latitude,longitude,precision
7,36.564554,-95.215617,exit
9,44.019503,-90.500769,exit
20,32.925310,-112.671399,exit
28,35.313026,-94.399780,exit
35,40.925868,-75.094062,city
36,38.762513,-78.633508,exit
44,30.804061,-97.616355,exit
46,32.407120,-85.958442,exit
49,38.958227,-85.843467,exit
50,41.236147,-95.853393,city
56,46.836309,-100.288571,exit
75,38.468783,-107.858959,city
77,38.573766,-75.571226,city
79,39.670017,-75.566519,city
81,27.527178,-82.506975,exit
85,39.765837,-105.614645,exit
91,33.554641,-82.896695,city
105,43.352114,-83.865097,exit
118,35.357877,-109.051669,exit
121,32.808453,-111.669769,exit
127,37.837649,-87.579666,city
128,39.120746,-88.568533,exit
135,41.408731,-90.015880,exit
147,40.114742,-85.568836,exit
149,41.122115,-85.186826,exit
151,40.914295,-100.166501,exit
159,30.289120,-81.980713,exit
160,30.454954,-90.956507,exit
164,41.582560,-87.241875,exit
167,41.289237,-87.300995,exit
174,31.612364,-94.652046,city
184,41.232066,-95.904136,exit
186,44.266433,-104.942782,exit
187,42.745850,-93.397978,exit
191,43.133925,-93.356105,exit
192,41.493004,-94.318498,exit
195,35.149554,-90.199266,city
198,40.500370,-103.260799,exit
199,38.876360,-97.612528,exit
203,41.574215,-87.479913,exit
207,39.007113,-83.802101,city
216,30.454212,-88.842995,exit
217,38.876360,-97.612528,exit
231,37.378006,-84.329592,exit
235,29.268218,-82.193565,exit
240,30.440306,-91.210453,exit
243,41.130830,-87.439024,city
244,30.247720,-92.192882,exit
248,29.971090,-90.067099,exit
250,38.898413,-99.317844,exit
253,35.156244,-90.136527,exit
256,39.688537,-79.101798,exit
257,47.502518,-111.299970,city
263,41.930295,-86.571376,exit
267,37.760677,-100.018438,city
269,41.927294,-83.359819,exit
278,38.960778,-87.401424,city
281,39.304720,-85.962464,exit
289,38.959551,-95.265468,city
292,37.269148,-95.553354,city
293,38.159651,-96.562014,city
304,42.089418,-72.581523,exit
309,39.092227,-94.680635,exit
323,41.115116,-101.715542,exit
326,41.420788,-112.053427,exit
341,30.066229,-81.498260,exit
347,41.588490,-87.179456,city
358,42.101331,-75.909369,city
361,30.371885,-81.761002,exit
368,43.169592,-73.712695,exit
372,41.570775,-87.428920,exit
381,31.959514,-95.265705,city
387,32.670523,-114.444342,exit
388,40.267080,-82.927309,exit
391,41.027370,-81.898668,exit
403,39.942418,-82.536263,exit
407,41.539059,-83.644125,city
421,35.462587,-97.480699,exit
424,35.394670,-97.269628,exit
425,32.487764,-82.935144,exit
442,42.102553,-102.876885,city
455,37.935510,-77.470216,exit
456,41.128114,-84.850513,city
458,40.407751,-95.555694,exit
460,33.870841,-81.385165,exit
461,33.558727,-80.824173,exit
469,37.474528,-105.876956,city
474,32.426178,-88.451747,exit
478,48.970601,-97.257558,exit
483,36.690101,-101.477046,city
486,27.569206,-99.502564,exit
489,46.974956,-109.695113,city
491,36.106976,-84.023360,exit
496,35.906192,-84.144659,exit
509,31.039648,-104.817697,exit
522,39.983203,-81.460077,city
523,34.265502,-83.820519,exit
525,33.606236,-88.657568,city
546,41.430561,-86.892347,city
557,41.364848,-89.152438,exit
559,34.885369,-92.379610,exit
566,41.569884,-87.404259,exit
567,32.741255,-111.594015,city
572,41.120356,-85.188650,exit
576,30.233756,-92.463802,exit
578,45.544499,-122.396120,exit
579,41.609005,-109.225917,exit
586,46.223155,-119.790413,exit
588,33.172709,-87.447315,exit
591,38.991883,-93.567414,exit
599,41.112959,-102.949121,exit
602,43.648912,-72.248078,exit
614,41.521266,-74.238661,city
628,41.769388,-80.946844,exit
636,44.630269,-123.062125,exit
651,35.840774,-88.085475,exit
652,35.906192,-84.144659,exit
669,31.918485,-106.601062,city
672,39.856557,-75.162874,exit
680,45.314880,-97.051600,exit
684,42.158846,-78.994615,exit
689,37.631554,-97.389149,exit
692,41.022251,-92.423263,city
739,38.566245,-82.822945,city
748,40.350165,-104.748355,city
769,40.359890,-91.459391,city
815,43.012213,-89.898168,city
855,42.316696,-87.859201,city
863,32.747226,-81.640693,city
906,35.156244,-90.136527,exit
908,33.337187,-86.779817,exit
912,33.279091,-87.095997,exit
936,35.065376,-92.417440,exit
970,33.441170,-112.108185,exit
977,33.659907,-114.239864,exit
981,43.198813,-112.363694,exit
982,32.677646,-114.521371,exit
1028,39.752623,-75.501247,exit
1042,30.188638,-82.642246,city
1043,29.999730,-82.596850,exit
1047,30.721500,-85.185968,exit
1075,32.487764,-82.935144,exit
1106,33.511368,-82.502385,exit
1112,42.015886,-95.352404,city
1115,42.573851,-92.778450,city
1121,42.577523,-114.295200,exit
1128,42.485910,-87.947674,exit
1132,38.154695,-88.913434,exit
1136,40.126826,-87.778195,exit
1140,39.593392,-89.646597,exit
1149,39.818110,-85.914828,exit
1151,39.839295,-85.557401,exit
1154,30.082341,-97.511120,city
1156,39.524958,-85.733643,exit
1157,39.430711,-87.331033,exit
1158,41.479812,-87.052273,city
1163,38.402352,-96.194581,city
1176,38.275880,-84.557083,exit
1179,37.830000,-85.719671,exit
1196,30.784234,-91.376417,city
1199,42.520876,-71.770611,city
1202,39.594852,-76.062788,exit
1204,39.120746,-88.568533,exit
1208,42.275163,-85.588501,city
1210,42.198633,-85.968417,exit
1217,43.676105,-92.955626,exit
1218,46.330576,-94.477417,city
1225,39.344774,-91.202488,city
1234,37.493918,-94.278428,city
1236,39.797911,-91.526558,city
1240,38.705239,-93.235819,city
1247,36.737430,-91.867957,city
1251,34.948353,-88.513618,city
1256,33.383290,-91.052088,city
1265,34.834689,-89.563407,city
1304,36.066981,-79.311663,exit
1315,35.493776,-79.176464,city
1325,34.209225,-77.885767,city
1326,35.731503,-77.930722,city
1333,40.921352,-98.358559,city
1340,40.149693,-74.707679,city
1342,39.372316,-75.238721,city
1344,41.082067,-74.183061,city
1348,40.003099,-75.035889,city
1356,35.196782,-107.892371,city
1364,41.674467,-86.619898,city
1372,40.751012,-81.405626,exit
1376,40.656043,-84.131359,exit
1379,41.027370,-81.898668,exit
1384,41.613927,-84.548587,exit
1391,36.535582,-97.344134,exit
1395,35.500387,-98.964835,exit
1404,40.120288,-87.454099,exit
1414,39.999251,-78.238623,city
1424,39.830597,-77.234147,city
1428,40.377732,-86.785045,exit
1432,40.268647,-77.044264,exit
1444,34.188945,-80.687822,exit
1445,41.135276,-104.704934,exit
1447,35.146508,-81.862858,city
1453,34.008306,-85.044978,city
1455,34.264943,-79.731986,exit
1461,35.027394,-82.035211,exit
1464,33.958189,-81.231382,exit
1470,33.428596,-81.890318,city
1479,34.914564,-82.106512,exit
1487,36.323466,-82.832955,exit
1492,35.019021,-85.383038,exit
1507,35.061438,-90.020003,exit
1516,35.199903,-101.830194,city
1531,39.546597,-85.776841,city
1533,33.175514,-102.273429,city
1546,28.700934,-99.162458,exit
1548,35.862020,-101.964972,city
1552,27.882178,-98.617385,city
1555,39.293332,-102.874280,exit
1560,42.567559,-79.112817,city
1562,35.789151,-88.392062,exit
1567,41.614798,-93.577704,exit
1579,46.006990,-112.611126,exit
1582,35.190012,-102.009947,exit
1585,32.321336,-102.551846,city
1590,41.582560,-87.241875,exit
1596,35.480360,-108.436868,exit
1597,40.177698,-80.130298,city
1599,42.593765,-76.097502,city
1602,31.167342,-88.928251,city
1606,48.099739,-122.184898,exit
1610,39.278383,-76.550666,exit
1618,38.821616,-81.709312,city
1621,33.541595,-86.825826,exit
1622,33.213601,-97.775157,city
1623,39.882792,-104.794908,city
1625,33.414204,-80.667972,exit
1632,32.293973,-106.810140,exit
1633,29.305920,-98.621251,exit
1634,42.872913,-87.937216,exit
1644,32.430673,-100.555264,exit
1646,41.348770,-86.319336,city
1647,41.619794,-87.494680,city
1653,41.829242,-87.704216,exit
1654,30.860768,-96.976198,city
1661,32.521573,-92.363800,exit
1669,42.944868,-74.360316,exit
1670,37.010521,-94.547830,exit
1671,35.341491,-78.558625,exit
1672,35.192721,-101.706839,exit
1699,33.188670,-86.274799,city
1700,33.030488,-94.725880,city
1720,37.046108,-100.927706,city
1749,30.442920,-93.960337,city
1753,31.897745,-97.089397,exit
1773,43.393266,-85.466107,city
1791,31.909420,-102.219277,exit
1807,35.216998,-101.383025,exit
1810,36.392868,-100.797656,city
1829,27.241608,-80.829311,city
1832,31.307305,-89.317434,city
1834,32.491141,-94.358436,exit
1849,31.441078,-100.450499,city
1855,42.807830,-85.726663,city
1858,29.445126,-98.360722,exit
1859,38.703490,-80.662759,exit
1860,38.917650,-84.629124,exit
1861,35.176225,-113.789029,exit
1866,42.079964,-86.417220,exit
1873,41.834539,-86.247851,city
1874,32.653383,-96.545058,city
1879,44.642726,-93.296535,exit
1888,31.839175,-100.985878,city
1889,36.337568,-102.076030,city
1893,32.668903,-96.147326,exit
1894,28.466853,-98.177947,city
1897,32.462133,-99.843844,exit
1905,33.659580,-96.903694,city
1909,37.728333,-113.052525,exit
1914,38.990517,-110.188473,exit
1921,40.730926,-111.499046,exit
1923,38.938839,-111.865209,city
1930,37.279615,-97.340216,exit
1931,40.872911,-111.917482,city
1934,36.847902,-80.860347,exit
1936,36.650822,-82.083883,exit
1940,37.077933,-80.692791,exit
1944,36.575903,-80.743276,exit
1950,38.279436,-77.184308,city
1951,37.931708,-79.229198,exit
1953,37.977089,-78.213819,exit
1954,36.697157,-76.634781,city
1956,38.965550,-78.436403,exit
1958,36.937337,-80.993461,exit
1960,44.216717,-72.583936,exit
1962,38.344987,-82.941648,exit
1976,47.620162,-117.502496,exit
1977,46.390681,-122.901855,exit
1983,45.102828,-91.491540,city
1985,43.921729,-90.262774,exit
2000,45.086794,-87.632443,city
2002,46.693164,-92.081086,city
2009,43.675117,-87.760577,exit
2020,39.655587,-79.637180,exit
2021,38.413210,-82.348414,exit
2022,38.597553,-81.042057,exit
2029,42.857848,-106.328650,exit
2030,42.842120,-106.321282,city
2034,41.158108,-104.522267,exit
2040,42.657176,-105.202791,exit
2041,41.174844,-104.074996,exit
2044,41.674526,-107.980984,exit
2074,29.680860,-98.639872,exit
2076,33.595464,-99.258111,city
2078,33.445472,-101.650919,city
2084,31.560918,-102.997233,exit
2087,41.740138,-111.843754,city
2088,38.790641,-112.082504,exit
2089,41.961537,-112.711833,exit
2115,43.535051,-89.995509,city
2125,41.308460,-105.613491,exit
2144,39.619976,-77.407695,city
2152,43.679266,-94.444183,exit
2167,45.492234,-94.154977,exit
2182,37.931708,-79.229198,exit
2194,39.044460,-82.644658,city
2196,41.105836,-81.156384,exit
2204,34.057553,-87.548776,city
2209,34.885369,-92.379610,exit
2219,34.117610,-83.762304,exit
2223,32.307817,-81.873626,exit
2227,41.749173,-88.162019,city
2231,38.767470,-90.203079,exit
2255,41.561083,-83.460470,exit
2267,36.527941,-86.642877,exit
2283,27.887064,-81.821777,city
2287,40.049620,-78.514087,exit
2306,34.857511,-81.008582,exit
2310,35.027460,-85.364290,exit
2311,35.719271,-86.412919,city
2331,36.863852,-76.362368,city
2336,36.937337,-80.993461,exit
2340,45.541591,-90.295072,city
2557,32.972968,-96.322907,exit
2602,39.542814,-84.293671,exit
2623,42.720191,-88.991806,exit
2626,41.781210,-107.267768,exit
2629,39.727704,-75.469035,city
2635,45.233036,-122.808415,exit
2638,43.026256,-108.381303,city
2640,38.391647,-89.370824,exit
2644,40.087411,-104.980424,exit
2756,39.189512,-81.529627,exit
2761,39.893170,-96.875067,city
2764,36.861360,-101.216256,city
2765,38.075971,-102.614723,city
2772,41.747986,-84.995773,exit
2779,42.559978,-113.761729,city
2788,44.159819,-72.088762,exit
2805,42.430551,-112.182353,exit
2807,36.525278,-87.221208,exit
2811,43.061345,-76.563728,exit
2817,46.605575,-122.907364,exit
2848,33.462719,-112.781938,exit
2851,32.670523,-114.444342,exit
2862,32.391796,-91.199005,exit
2864,36.845458,-94.376438,city
2875,38.306938,-104.613620,exit
2883,29.025590,-82.157544,exit
2885,30.904933,-84.573047,city
2889,34.488248,-87.282287,city
2891,39.526173,-119.701668,exit
2895,40.493520,-81.479542,exit
2896,46.393130,-116.993472,city
2897,41.366848,-110.299411,exit
2910,46.864690,-96.829073,city
2913,36.038390,-83.440533,exit
2915,43.021899,-112.408096,exit
2917,37.272266,-79.100276,city
2922,35.106081,-106.651544,exit
2923,37.935510,-77.470216,exit
2924,30.922681,-93.993251,city
2926,40.353138,-76.722592,exit
2929,46.864368,-99.915628,exit
2935,30.335855,-81.761906,exit
2937,38.859547,-84.623047,exit
2956,35.273161,-80.837808,exit
2963,46.885920,-98.718359,exit
2967,41.539059,-83.644125,city
2968,32.489073,-91.991079,exit
2977,43.840891,-101.524327,exit
2982,32.986199,-87.789464,exit
3003,32.320550,-90.961647,exit
3008,30.330678,-82.962631,exit
3022,39.786510,-77.713235,exit
3030,36.047480,-90.290905,city
3064,38.075971,-102.614723,city
3086,37.450301,-79.108210,city
3093,45.180635,-89.700339,city
3096,31.233698,-85.406823,city
3118,44.981591,-73.456865,exit
3128,33.207670,-84.061712,exit
3138,39.112369,-108.642972,exit
3139,35.533182,-98.237630,exit
3148,36.845458,-94.376438,city
3155,34.718502,-87.702586,city
3163,36.162546,-95.794819,exit
3164,36.078858,-96.049045,exit
3165,36.651723,-97.345837,exit
3167,33.851110,-87.268348,city
3171,36.135642,-85.503032,exit
3176,41.501906,-85.825507,city
3178,47.390008,-122.213528,city
3179,41.583035,-87.240073,exit
3191,35.535580,-86.163883,exit
3205,43.983473,-96.814745,city
3206,46.600057,-95.578078,city
3215,28.157559,-81.800960,exit
3216,36.702744,-87.454910,exit
3221,35.312539,-91.571253,city
3222,26.232046,-80.136458,exit
3226,40.353138,-76.722592,exit
3227,33.005587,-80.177379,city
3230,27.224410,-98.145191,city
3264,35.132751,-90.483294,exit
3280,42.761259,-104.458403,city
3281,41.019799,-76.792742,exit
3284,37.493629,-94.299926,exit
3297,41.156863,-104.654576,exit
3316,34.784893,-92.128342,exit
3326,43.285986,-76.141879,city
3330,43.060068,-70.801418,exit
3349,32.350503,-88.738750,exit
3383,35.591835,-97.434718,exit
3386,40.161228,-104.979171,exit
3401,34.509528,-80.997862,exit
3413,31.923969,-92.642475,city
3415,32.374380,-82.066613,exit
3418,39.103503,-80.392060,exit
3421,47.289854,-122.306533,exit
3422,29.540409,-98.072526,exit
3427,41.747986,-84.995773,exit
3432,40.765880,-87.119723,exit
3435,30.694766,-97.654919,exit
3444,28.472265,-81.322452,city
3460,43.076307,-94.232063,city
3464,43.385355,-115.997096,exit
3471,32.070033,-81.201585,exit
3475,35.498187,-80.564692,exit
3477,43.268023,-72.433037,exit
3479,32.471936,-83.743978,exit
3493,34.206007,-84.761330,exit
3519,30.116026,-93.816225,exit
3522,30.710043,-94.937930,city
3526,40.394734,-84.161344,exit
3530,42.017743,-94.379422,city
3536,35.199903,-101.830194,city
3539,29.620386,-97.786472,exit
3545,44.881250,-93.021258,exit
3580,41.772645,-107.081309,exit
3585,40.466543,-118.285044,exit
3588,29.835134,-94.382703,exit
3592,41.312704,-110.508514,exit
3593,37.858787,-112.828444,exit
3605,39.759460,-94.821143,city
3608,39.791608,-88.264545,exit
3614,41.730402,-86.333092,exit
3616,41.721283,-83.500176,exit
3619,39.449358,-87.126242,exit
3620,39.429366,-83.817683,city
3645,41.023791,-77.934811,exit
3678,27.755616,-98.065812,city
3688,42.672966,-82.821138,exit
3692,35.309495,-80.847834,exit
3699,40.719580,-85.437294,exit
3702,44.973936,-74.663242,city
3707,43.688233,-93.417636,exit
3718,43.770965,-99.312490,exit
3719,40.508398,-78.635148,city
3725,41.519097,-80.046991,city
3728,42.635473,-73.759924,exit
3737,34.550657,-90.641774,city
3745,45.646895,-109.247816,exit
3759,35.623772,-91.231682,city
3767,36.662379,-77.556252,exit
3772,39.304088,-102.271418,city
3774,39.300944,-102.255276,exit
3781,40.823583,-102.804642,exit
3783,39.802214,-104.984648,exit
3794,43.640324,-94.995049,exit
3817,39.055681,-104.850847,exit
3843,36.275125,-97.327685,exit
3868,38.807432,-75.589944,city
3888,46.411950,-112.722533,exit
3889,27.491534,-82.472299,exit
3907,40.847017,-73.997061,city
3908,26.141227,-80.146731,city
3927,26.141227,-80.146731,city
3936,36.188270,-86.268727,exit
3946,39.418112,-92.436544,city
3949,30.241647,-82.638194,exit
3956,27.302612,-81.371468,city
3964,42.222773,-85.785732,exit
3970,32.856171,-96.557889,exit
3973,35.591835,-97.434718,exit
3974,35.418494,-99.368678,exit
3975,30.258858,-82.122942,exit
3979,41.568817,-87.356253,exit
4006,33.218982,-92.664071,city
4008,44.938404,-92.374178,exit
4025,34.579544,-82.691894,exit
4035,35.282587,-93.092427,exit
4062,37.004398,-79.884762,city
4063,31.356740,-89.346557,exit
4080,25.775163,-80.208615,city
4101,36.308428,-95.316914,city
4113,36.406702,-97.869861,city
4115,33.896333,-84.251943,exit
4119,31.506114,-82.854335,city
4156,29.445068,-98.361228,exit
4161,31.801003,-81.416664,city
4164,30.839422,-83.978781,city
4169,35.191067,-114.067507,exit
4171,47.487034,-94.882690,city
4172,47.708509,-117.001825,exit
4179,32.191260,-81.194717,exit
4187,34.577398,-84.950082,exit
4193,32.676462,-97.044215,exit
4199,38.857278,-98.707408,exit
4204,34.772052,-85.540167,exit
4211,35.612915,-115.389047,exit
4220,39.124569,-84.833604,exit
4222,36.402206,-87.025281,exit
4223,43.001707,-78.415778,exit
4227,35.460213,-97.688755,exit
4233,32.447269,-93.900563,exit
4239,38.011128,-84.208577,exit
4241,33.669115,-84.337431,exit
4267,39.989889,-76.021247,city
4292,41.691939,-93.247626,exit
4301,46.886333,-102.733522,exit
4311,32.266775,-86.355002,exit
4331,42.498901,-90.707258,city
4332,40.751399,-88.006523,exit
4335,42.447214,-90.841426,city
4339,26.246514,-97.726766,city
4349,42.457254,-92.254650,exit
4363,31.924771,-81.330082,exit
4368,37.185964,-93.569244,exit
4372,32.338476,-81.953181,exit
4373,41.176409,-93.784019,exit
4389,41.550485,-95.917425,exit
4395,36.890601,-89.533298,exit
4417,35.014306,-106.069624,exit
4419,40.265298,-94.012780,exit
4427,41.493004,-94.318498,exit
4431,41.990174,-92.580342,city
4437,41.375463,-95.676456,exit
4441,36.323466,-82.832955,exit
4442,34.318818,-78.226661,city
4445,45.193989,-93.552053,exit
4446,35.192720,-101.756644,exit
4451,43.979108,-96.758460,exit
4452,42.492327,-92.351947,city
4458,41.688890,-92.067272,exit
4460,38.741208,-84.832998,exit
4463,32.468391,-95.381601,exit
4482,43.565920,-116.196879,exit
4492,48.693374,-116.318360,city
4525,46.393130,-116.993472,city
4528,47.435985,-120.329266,city
4533,33.541595,-86.825826,exit
4544,36.873526,-76.196512,exit
4555,35.306355,-86.882419,exit
4560,41.886555,-112.170355,exit
4563,40.485117,-89.028617,exit
4568,42.944868,-74.360316,exit
4569,37.161233,-88.682675,exit
4574,40.187376,-88.365545,exit
4582,46.208229,-96.019118,exit
4605,36.703895,-77.548736,exit
4618,32.444214,-93.949997,exit
4620,28.867708,-82.091489,exit
4622,37.841291,-79.366927,exit
4628,38.715376,-77.797563,city
4637,40.163053,-89.417706,exit
4642,39.421553,-87.693139,exit
4644,41.552958,-87.854062,exit
4654,43.073819,-77.934451,exit
4655,42.259974,-78.062894,exit
4690,32.720859,-97.540723,exit
4700,41.440611,-105.943631,exit
4704,39.689278,-79.249601,exit
4707,40.118614,-79.885818,exit
4729,39.852096,-85.262190,exit
4742,46.931741,-104.007644,exit
4750,41.663381,-91.249751,exit
4762,41.927294,-83.359819,exit
4806,32.727921,-97.817529,exit
4818,43.131585,-115.697296,city
4819,37.135404,-104.520577,exit
4826,33.591650,-86.161929,exit
4827,30.038780,-94.156268,exit
4837,46.334754,-94.642772,city
4856,45.918371,-111.597104,exit
4858,38.046099,-97.322810,exit
4860,41.177396,-90.332433,exit
4872,34.255100,-83.462567,exit
4874,31.812511,-102.430365,exit
4878,43.600591,-116.572518,exit
4881,40.122453,-74.718227,exit
4885,38.872225,-89.382458,exit
4887,41.553441,-84.140136,city
4894,39.532775,-86.802309,exit
4905,41.455885,-82.714436,city
4909,29.177510,-82.151025,city
4910,38.975848,-110.121163,exit
4918,36.003164,-83.775318,exit
4920,30.088629,-90.442029,exit
4921,36.977479,-84.110907,exit
4927,32.803079,-86.580652,exit
4933,36.905132,-81.277250,city
4977,44.392923,-89.826749,city
4981,42.293835,-84.964625,exit
4983,44.933485,-92.198799,exit
4996,45.796668,-108.456959,exit
5003,39.042265,-76.062538,city
5006,40.627337,-74.236310,city
5024,38.287577,-90.403674,exit
5030,41.022251,-92.423263,city
5044,37.093127,-93.804219,exit
5050,40.410911,-95.533087,city
5056,39.869730,-94.141598,city
5057,39.753611,-94.219809,exit
5060,35.136252,-114.102251,exit
5064,31.697584,-89.117331,exit
5079,37.202491,-93.117519,city
5085,39.472266,-80.120993,exit
5111,31.356740,-89.346557,exit
5117,39.947172,-86.353814,exit
5128,41.687115,-92.007814,exit
5131,40.407751,-95.555694,exit
5132,38.073112,-91.406154,exit
5160,40.052420,-81.325936,exit
5163,34.310383,-88.788389,city
5165,36.716169,-86.521876,exit
5167,41.507718,-87.319834,exit
5170,39.986835,-78.256840,exit
5183,35.600767,-78.127935,city
5191,43.391984,-89.466921,exit
5202,42.325992,-111.298826,city
5203,30.628936,-87.615253,exit
5207,39.189346,-100.869915,exit
5227,35.317759,-78.574156,exit
5230,41.646068,-91.151800,exit
5232,30.490429,-92.419064,city
5234,36.921470,-93.927108,city
5236,39.640986,-75.802358,exit
5245,39.836219,-99.891596,city
5247,42.872889,-89.055271,exit
5249,36.556292,-90.513676,city
5254,35.541936,-82.754447,exit
5255,38.855119,-94.815838,exit
5258,30.478955,-90.414247,exit
5282,37.698576,-98.765936,city
5285,40.730654,-74.126636,exit
5297,47.098966,-119.243604,exit
5299,36.716169,-86.521876,exit
5302,37.389058,-79.904349,exit
5306,40.966988,-80.655284,exit
5309,33.684510,-85.262290,exit
5310,44.471981,-93.292172,exit
5324,41.353501,-83.113356,city
5341,42.781514,-96.173311,city
5349,33.207434,-82.387583,city
5363,40.163273,-76.395973,city
5389,41.229271,-112.012513,exit
5391,32.272075,-109.250295,exit
5399,36.945811,-80.948625,exit
5407,39.566870,-97.646785,city
5414,32.808453,-111.669769,exit
5419,35.191067,-114.067507,exit
5422,40.751399,-88.006523,exit
5424,37.403758,-86.873606,city
5435,37.283612,-100.343022,city
5436,37.422980,-86.499732,city
5446,32.447269,-93.900563,exit
5462,43.497046,-112.054216,exit
5464,37.594896,-85.868998,exit
5474,28.359711,-80.794594,exit
5477,44.388962,-123.061289,exit
5479,26.895418,-82.002439,exit
5491,37.225745,-84.214452,exit
5492,39.695785,-78.149333,exit
5522,36.518844,-89.600909,exit
5523,39.273338,-103.707226,exit
5529,36.481599,-80.751667,exit
5537,38.313035,-88.951979,exit
5554,33.995248,-93.185556,exit
5560,38.971711,-92.430766,exit
5569,37.107192,-92.418931,city
5570,30.478988,-90.456840,exit
5579,41.437087,-97.358615,city
5592,34.073659,-80.998905,exit
5597,30.244698,-93.128768,exit
5601,36.994740,-88.505572,exit
5603,40.879810,-81.431381,exit
5606,46.863110,-101.008235,exit
5607,32.237511,-96.495612,city
5608,32.035854,-93.699429,city
5613,46.562831,-120.471254,exit
5618,40.046678,-86.489096,exit
5649,30.171868,-90.876602,exit
5651,38.154164,-85.070011,exit
5659,28.330000,-98.118304,city
5660,42.161608,-72.541417,exit
5661,36.134957,-85.479549,exit
5667,35.570055,-82.958798,exit
5669,43.906505,-91.356310,city
5670,38.313035,-88.951979,exit
5674,33.555247,-83.474300,exit
5677,43.828760,-101.501341,city
5691,42.090893,-86.409070,exit
5700,43.699671,-85.481250,city
5718,36.057513,-102.512290,city
5721,39.182717,-76.783111,exit
5729,44.905063,-91.854704,exit
5730,43.326439,-83.080519,city
5739,41.964265,-83.350359,exit
5751,30.643261,-83.188860,exit
5754,42.839733,-84.219994,exit
5758,42.991951,-82.456177,exit
5770,43.499791,-87.830081,exit
5771,41.885447,-86.601093,exit
5774,41.052439,-77.187817,exit
5780,35.751693,-80.350080,exit
5799,43.665995,-93.577641,exit
5801,36.959807,-81.062119,exit
5821,45.233036,-122.808415,exit
5823,32.311988,-81.059532,exit
5830,42.283134,-84.863277,exit
5842,41.427079,-87.759438,exit
5860,44.319480,-93.302219,exit
5873,44.171124,-93.975605,city
5901,46.482796,-96.280722,exit
5903,45.720515,-94.952754,exit
5907,44.771906,-93.475699,city
5909,43.952364,-92.065088,exit
5927,38.399964,-78.908428,exit
5935,40.043183,-74.835540,exit
5942,38.348661,-90.395124,exit
5944,43.093086,-88.908482,exit
5946,44.113987,-103.271020,exit
5949,33.449204,-94.085008,city
5951,38.439830,-89.530368,exit
5963,30.695092,-101.093040,exit
5965,43.084046,-96.796123,exit
5971,30.109053,-83.582275,city
5979,30.206989,-92.028873,city
5980,37.199143,-77.465520,exit
5990,37.335858,-77.986639,city
5996,41.557615,-109.309955,exit
5999,34.184607,-93.070077,exit
6001,33.373442,-104.529393,city
6009,39.794761,-93.547397,city
6010,30.418167,-99.671384,exit
6018,40.475777,-88.969912,city
6033,37.838652,-94.507702,city
6037,42.449373,-96.413511,exit
6041,36.745736,-80.772111,exit
6047,39.237890,-91.013166,city
6051,40.161228,-104.979171,exit
6057,38.876360,-97.612528,exit
6058,40.553612,-84.169869,exit
6068,39.708646,-91.399521,city
6082,25.869941,-80.302865,city
6083,39.460064,-94.320772,exit
6087,38.855146,-91.950802,city
6093,40.720084,-99.375590,city
6096,39.125970,-82.983687,city
6097,40.675856,-99.255605,exit
6106,44.290002,-117.222895,exit
6111,35.768572,-91.622652,city
6150,37.389058,-79.904349,exit
6154,30.496250,-88.335971,exit
6164,41.616512,-90.782939,exit
6165,39.015227,-94.213839,city
6167,37.844908,-94.350321,city
6172,42.859909,-84.886364,exit
6173,42.298526,-83.877427,exit
6175,40.571174,-77.395140,city
6179,30.315499,-91.830626,exit
6180,35.019643,-85.295599,exit
6182,33.645402,-85.503011,exit
6188,37.033600,-93.218044,city
6198,36.978945,-77.392606,exit
6200,41.201693,-79.974734,exit
6206,43.487599,-89.494386,exit
6212,38.287577,-90.403674,exit
6214,43.282001,-88.194535,exit
6215,42.393222,-73.825419,exit
6218,35.504913,-108.831598,exit
6219,48.236141,-101.277578,city
6221,31.661748,-106.242183,exit
6222,39.353285,-94.761471,exit
6227,32.692076,-96.632385,exit
6229,39.932815,-83.611886,exit
6232,37.861142,-92.399744,city
6242,38.816576,-90.954225,exit
6243,37.126012,-92.103986,city
6251,30.280374,-91.903725,city
6252,41.523415,-83.456606,exit
6258,39.759460,-94.821143,city
6271,33.264731,-97.177883,exit
6275,47.465459,-121.716209,exit
6284,41.588490,-87.179456,city
6286,38.011128,-84.208577,exit
6290,41.397969,-84.124984,city
6293,35.182281,-107.902021,exit
6296,40.342515,-94.870048,city
6299,40.821628,-91.175475,city
6305,38.239638,-77.500083,exit
6307,38.781323,-90.604970,city
6308,38.207698,-85.347475,exit
6309,34.373276,-92.821262,city
6310,27.472938,-81.446841,city
6315,37.202491,-93.117519,city
6318,34.739501,-97.263344,exit
6326,36.941133,-97.346484,exit
6327,35.878195,-84.237405,exit
6330,26.318374,-98.153480,city
6334,30.364363,-85.438257,city
6341,41.779438,-107.225271,exit
6346,43.873552,-95.119136,city
6351,33.602770,-114.518993,exit
6356,34.320982,-89.924878,city
6370,32.909866,-96.444501,exit
6374,42.116614,-88.505165,city
6387,40.653881,-116.956283,exit
6391,35.862020,-101.964972,city
6393,38.241779,-86.359389,exit
6401,30.432675,-89.093810,exit
6434,42.509863,-94.175675,city
6441,37.146605,-84.111166,exit
6442,31.689866,-89.148281,city
6448,31.697584,-89.117331,exit
6462,48.813033,-100.062233,city
6468,35.295653,-99.628239,city
6480,45.292160,-118.036657,exit
6492,32.230413,-90.159622,city
6496,28.090919,-97.817047,city
6502,40.074181,-95.192600,exit
6517,40.742216,-113.970218,exit
6518,46.246816,-112.119697,exit
6526,42.767561,-86.098585,city
6527,45.635066,-108.914496,exit
6547,44.279726,-105.495636,exit
6562,39.599282,-94.788666,exit
6563,33.666721,-97.152300,exit
6564,46.266113,-119.121426,city
6565,36.323466,-82.832955,exit
6567,45.651233,-110.612085,exit
6577,39.627945,-77.774762,exit
6578,48.502237,-111.862088,city
6588,45.877866,-112.102128,exit
6593,35.191873,-111.621998,exit
6607,39.094420,-76.626854,exit
6608,35.209045,-80.830990,city
6628,36.068764,-79.352950,exit
6632,31.924771,-81.330082,exit
6633,44.782595,-117.810746,exit
6640,40.362259,-104.985078,exit
6642,27.639181,-80.517863,exit
6646,40.940617,-87.220898,exit
6655,39.640132,-75.796616,exit
6659,42.369973,-87.936974,city
6661,35.857071,-86.831937,exit
6663,35.923034,-80.590295,exit
6677,43.460991,-96.797501,exit
6693,41.439842,-96.487000,city
6701,34.113304,-86.866169,exit
6704,42.430995,-72.642437,city
6716,46.876539,-96.840720,exit
6721,46.860962,-96.841342,exit
6725,47.933993,-97.093525,exit
6734,38.672785,-104.708865,exit
6736,40.468725,-93.985963,city
6742,45.411785,-94.057539,exit
6744,48.236141,-101.277578,city
6745,30.418616,-91.434116,exit
6755,34.784893,-92.128342,exit
6760,44.286207,-73.531329,exit
6765,33.084223,-80.652864,exit
6806,40.580177,-75.708363,exit
6810,37.719927,-77.448821,exit
6811,40.596264,-98.390320,city
6823,31.661748,-106.242183,exit
6840,32.241354,-107.993494,exit
6842,42.284767,-71.714228,city
6845,40.741792,-99.740668,exit
6850,42.731148,-105.339274,exit
6857,39.532400,-119.737139,exit
6859,42.028216,-97.427807,city
6864,34.482121,-92.724818,exit
6869,40.066752,-80.570160,exit
6883,40.395178,-77.027730,city
6885,38.307639,-81.566067,exit
6886,39.159955,-108.300702,exit
6897,42.873892,-100.547014,city
6901,41.989387,-96.914345,city
6915,43.056742,-70.805545,exit
6927,32.487302,-85.636105,exit
6944,45.917818,-119.322708,exit
6948,40.275891,-76.885020,city
6951,45.638445,-118.684134,exit
6954,41.082067,-74.183061,city
6960,41.259365,-110.964288,city
6961,41.115953,-104.866461,exit
6962,41.542330,-109.857612,exit
6963,41.280958,-74.730511,city
6968,43.772182,-88.440264,city
6970,44.964138,-92.680520,exit
6971,43.251425,-88.181720,exit
6975,43.179133,-89.324592,exit
6976,44.291128,-88.320399,city
6980,43.179133,-89.324592,exit
6981,42.737670,-90.334319,city
6984,38.455831,-81.933720,exit
6986,47.241224,-122.386637,exit
6987,46.972927,-120.536208,exit
6992,46.952612,-122.937553,exit
6994,47.663235,-117.313278,exit
6999,36.601417,-78.152773,exit
7003,37.759984,-77.459582,exit
7004,36.841991,-76.216785,exit
7005,37.931708,-79.229198,exit
7007,41.685853,-91.563916,exit
7013,38.293075,-112.651083,exit
7016,40.692610,-112.265816,exit
7018,40.748668,-111.908529,exit
7023,35.192720,-101.756644,exit
7037,31.036346,-104.859409,exit
7045,36.753833,-108.180530,city
7051,32.713561,-100.911902,city
7056,32.449929,-100.443229,exit
7058,33.561901,-101.888883,city
7059,32.263455,-101.490686,exit
7064,31.776347,-106.387797,exit
7066,29.873511,-97.933259,exit
7072,36.014766,-86.620934,exit
7077,35.306355,-86.882419,exit
7080,35.005725,-106.017621,exit
7082,35.081447,-86.883515,exit
7084,45.465150,-98.469782,city
7087,43.883096,-100.705883,exit
7088,44.100611,-103.151732,exit
7092,43.605735,-96.711353,exit
7095,33.704753,-80.244735,exit
7106,41.173868,-79.739343,exit
7112,40.353138,-76.722592,exit
7116,40.956631,-77.772709,exit
7121,41.012418,-76.491765,exit
7126,41.038847,-78.399152,exit
7128,40.466177,-76.340045,exit
7129,41.170688,-79.098535,exit
7131,39.999251,-78.238623,city
7132,35.780349,-115.328610,exit
7135,40.234832,-77.127348,exit
7136,41.031918,-77.518698,exit
7137,41.201693,-79.974734,exit
7147,45.600568,-122.683190,exit
7148,45.544499,-122.396120,exit
7154,35.460213,-97.688755,exit
7156,35.460383,-97.654167,exit
7166,39.896056,-83.432525,city
7169,41.099095,-80.645902,city
7170,41.175617,-80.571655,exit
7172,41.539059,-83.644125,city
7173,42.063844,-76.156757,city
7176,39.835497,-84.628979,exit
7179,42.906506,-78.766769,exit
7180,39.942418,-82.536263,exit
7183,41.880419,-80.666412,exit
7184,39.619478,-83.607925,exit
7189,46.889268,-98.678912,exit
7190,46.918425,-97.683157,exit
7196,35.237568,-82.346784,city
7197,42.954892,-76.984315,exit
7198,35.610890,-80.518182,exit
7212,42.403004,-73.456777,city
7213,42.550491,-79.108667,exit
7215,42.944868,-74.360316,exit
7216,42.020017,-76.370402,city
7220,42.604802,-73.769566,city
7222,34.947987,-104.641458,exit
7225,34.438569,-103.194194,city
7226,32.293973,-106.810140,exit
7227,32.125798,-106.639265,exit
7228,35.107157,-106.612899,exit
7229,35.504913,-108.831598,exit
7230,32.267597,-107.780097,exit
7231,35.123344,-106.620798,exit
7234,40.660096,-75.070518,exit
7237,40.929200,-75.092426,exit
7239,39.820722,-75.240254,exit
7240,40.635469,-74.968859,exit
7244,36.042013,-115.180798,exit
7248,36.105285,-115.180858,exit
7263,41.048632,-102.071425,exit
7264,40.798911,-98.492384,exit
7265,41.137207,-101.002417,exit
7267,41.115116,-101.715542,exit
7268,41.162680,-96.138234,exit
7269,40.820764,-98.379557,exit
7282,43.235497,-73.692283,exit
7284,46.952224,-114.132716,exit
7285,42.163328,-78.725158,city
7286,46.952224,-114.132716,exit
7288,45.683100,-108.705963,exit
7289,37.272499,-93.114050,exit
7291,39.016202,-94.128503,exit
7293,36.759269,-89.538001,exit
7299,38.944412,-91.941494,exit
7300,37.647961,-92.668219,exit
7310,33.984814,-89.869084,exit
7312,40.059877,-81.053278,exit
7314,32.395717,-88.579934,exit
7323,45.720515,-94.952754,exit
7326,43.654293,-93.364148,city
7327,42.106309,-84.996112,exit
7331,38.532596,-82.678090,city
7332,42.131448,-83.241309,exit
7335,41.885447,-86.601093,exit
7337,42.299887,-85.079565,exit
7341,41.898479,-70.958270,exit
7344,42.534499,-70.968960,city
7353,44.829625,-68.788767,city
7354,43.104790,-70.747357,exit
7357,30.285119,-89.749446,exit
7360,30.555523,-91.955962,city
7364,41.141884,-80.720356,exit
7370,37.041977,-86.209317,exit
7371,37.521838,-85.884820,exit
7372,38.917650,-84.629124,exit
7379,36.665445,-86.556066,exit
7382,39.001403,-84.645523,exit
7385,39.014682,-99.890217,exit
7387,39.119425,-100.808030,exit
7389,39.410037,-81.424405,exit
7396,41.243843,-82.702575,city
7398,41.661955,-93.494229,exit
7403,41.186647,-83.649585,exit
7406,42.434530,-96.373530,exit
7407,41.616512,-90.782939,exit
7408,41.051947,-82.723888,city
7410,41.628788,-93.776919,exit
7412,40.277049,-85.557928,exit
7416,40.940617,-87.220898,exit
7417,41.375043,-86.504734,city
7418,40.758738,-86.069049,city
7421,39.853056,-85.144640,exit
7425,39.449358,-87.126242,exit
7429,39.613544,-86.479801,exit
7435,40.765880,-87.119723,exit
7436,39.947172,-86.353814,exit
7437,39.316740,-85.325807,exit
7457,39.134058,-88.561917,exit
7459,41.388795,-88.422114,exit
7466,37.740952,-88.957901,exit
7469,38.644545,-90.129089,exit
7471,40.312095,-89.164822,exit
7482,43.565920,-116.196879,exit
7492,32.746165,-85.281011,exit
7495,33.618854,-84.398374,exit
7504,34.376970,-84.910910,exit
7506,33.026980,-85.038261,city
7523,43.853999,-84.020563,exit
7533,28.867708,-82.091489,exit
7534,30.289120,-81.980713,exit
7535,27.994736,-82.357256,exit
7543,41.295736,-72.762025,exit
7545,41.237511,-73.024596,exit
7546,41.440087,-71.799662,exit
7551,39.740005,-104.603089,exit
7552,39.780917,-105.134783,exit
7553,40.268655,-103.621408,exit
7574,35.533182,-98.237630,exit
7611,35.051110,-97.908916,exit
7615,34.973371,-110.086127,exit
7617,32.125389,-110.875327,exit
7622,36.900473,-95.925291,city
7624,32.266144,-109.844121,exit
7625,35.516192,-98.870359,exit
7627,34.506351,-97.174199,exit
7629,34.718502,-87.702586,city
7635,32.326996,-86.334747,exit
7636,33.173990,-87.473972,exit
7655,35.226297,-99.871152,exit
7705,35.217160,-114.012892,exit
7708,26.656374,-81.799479,exit
7715,37.146605,-84.111166,exit
7718,38.475710,-90.849334,exit
7719,38.838924,-91.224579,exit
7721,47.106473,-104.710856,city
7722,40.821312,-97.597505,exit
7724,41.323884,-83.436366,city
7725,40.799562,-81.703719,city
7733,35.192791,-101.724671,exit
7746,34.537864,-101.774434,city
7753,35.742643,-95.356864,city
7767,41.099473,-104.850462,exit
7768,41.123019,-104.849433,exit
7792,33.207670,-84.061712,exit
7798,30.847147,-81.672522,exit
7825,38.063198,-85.699291,exit
7838,44.829015,-93.060072,city
7871,34.389212,-103.050682,city
7873,40.721980,-116.107568,exit
7886,39.830569,-84.813198,exit
7930,35.457364,-86.051895,exit
7946,42.523506,-89.017660,city
7959,41.099473,-104.850462,exit
8840,35.377640,-97.495004,exit
8895,34.739501,-97.263344,exit
8927,35.383644,-96.671281,exit
8936,36.578174,-79.858290,city
8948,39.682920,-111.838497,exit
8961,31.401081,-103.483403,exit
8977,34.361622,-98.409706,exit
8987,35.483030,-95.149823,exit
9160,40.762819,-98.588012,exit
9161,40.593648,-75.478393,city
9206,44.668373,-70.144039,city
9216,40.510368,-75.391920,city
9241,40.153719,-75.830826,city
9280,41.341209,-75.313415,exit
9289,41.786034,-75.684982,exit
9340,40.028441,-76.176080,city
9354,39.733673,-80.058286,exit
9365,34.342764,-79.533944,exit
9381,41.553572,-75.652272,exit
9382,39.835497,-84.628979,exit
9383,39.942418,-82.536263,exit
9386,41.172258,-83.649568,exit
9403,40.660096,-75.070518,exit
9415,40.039604,-75.392660,city
9423,38.944412,-91.941494,exit
9449,33.929732,-81.074586,exit
9451,38.429167,-95.728626,exit
9467,41.607299,-87.104194,exit
9468,41.583035,-87.240073,exit
9469,35.044778,-81.814887,exit
9485,33.724637,-84.901194,exit
9513,33.564211,-81.934013,exit
9525,34.745594,-81.035527,exit
9528,38.455831,-81.933720,exit
9542,34.067454,-81.142289,exit
9550,43.796802,-90.056849,exit
9553,43.708788,-89.893654,city
9554,44.663798,-103.859143,city
9614,43.738024,-98.958268,exit
9618,33.348164,-96.553438,city
9638,34.269348,-79.703831,exit
9668,43.694850,-98.444120,exit
9675,35.878195,-84.237405,exit
9699,40.807650,-81.367228,city
9703,41.787296,-80.854481,exit
9712,36.062072,-79.565832,exit
9713,42.786143,-96.790941,exit
9717,43.912387,-100.312631,exit
9724,43.405802,-76.126370,city
9746,40.699490,-118.051104,exit
9747,40.821312,-97.597505,exit
9763,39.759460,-94.821143,city
9783,32.941188,-89.978845,exit
9803,35.878195,-84.237405,exit
9808,42.298526,-83.877427,exit
9812,36.003164,-83.775318,exit
9818,44.833763,-69.292624,exit
9821,35.993627,-86.594078,exit
9842,37.916542,-95.171429,city
9843,39.058868,-96.040276,exit
9851,42.498901,-90.707258,city
9855,39.550655,-86.041410,exit
9860,41.060392,-86.198313,city
9862,41.569884,-87.404259,exit
9887,27.998577,-80.630535,exit
9941,32.734994,-111.549448,exit
9945,32.643401,-85.353079,exit
9959,37.935510,-77.470216,exit
9962,26.224966,-98.246083,city
9971,42.562482,-77.696927,city
9973,41.104044,-74.167948,exit
9990,35.170593,-88.595102,city
9995,41.615389,-93.776845,exit
9997,33.685539,-85.151974,exit
10006,38.243075,-96.929155,city
10007,32.012457,-81.194157,city
10014,36.150130,-86.748817,exit
10015,36.206619,-86.776314,exit
10020,43.594175,-73.280372,city
10024,39.535860,-110.734374,city
10028,41.053501,-86.603678,city
10030,37.176685,-81.137371,exit
10033,38.299272,-77.486658,city
10047,48.180951,-111.934313,exit
10053,41.554334,-89.061059,exit
10057,39.695007,-86.192659,exit
10058,31.565164,-85.259165,city
10065,33.674529,-94.126627,city
10077,35.150954,-90.139013,exit
10085,32.773805,-115.552207,exit
10101,33.482500,-82.131605,exit
10104,33.324072,-84.777306,exit
10109,42.034300,-92.906266,city
10110,43.598884,-116.552621,exit
10116,41.934250,-89.024136,exit
10122,41.568817,-87.356253,exit
10126,38.490625,-85.771594,exit
10128,37.828000,-94.704141,city
10135,38.369881,-97.664518,city
10142,36.716169,-86.521876,exit
10144,37.070892,-88.644477,city
10146,36.724483,-84.166293,exit
10150,30.478988,-90.456840,exit
10154,30.584122,-92.049039,exit
10157,42.807830,-85.726663,city
10161,42.817554,-84.542271,exit
10168,42.280116,-84.306407,exit
10172,43.450592,-83.890835,exit
10181,38.255079,-90.402589,exit
10184,34.309963,-89.919407,exit
10192,31.542438,-91.385649,city
20000,35.568193,-78.167290,exit
20003,35.671715,-80.857749,exit
20006,48.672812,-102.072030,city
20009,41.048632,-102.071425,exit
20011,42.028216,-97.427807,city
20012,41.094707,-96.253150,exit
20014,43.610489,-72.188969,exit
20019,39.685238,-75.478766,exit
20024,32.326444,-106.789695,city
20027,35.156176,-103.702363,exit
20028,36.218522,-115.123428,exit
20031,40.954203,-117.753443,exit
20033,42.336093,-77.316860,city
20036,43.145054,-78.877748,city
20042,41.523415,-83.456606,exit
20043,41.509718,-82.938339,city
20045,41.141884,-80.720356,exit
20049,34.711036,-98.397516,exit
20050,35.181364,-97.492497,exit
20054,45.329503,-118.070365,exit
20062,41.027079,-76.079797,exit
20066,42.234186,-79.779758,exit
20070,41.360584,-75.202388,exit
20072,34.914564,-82.106512,exit
20079,36.083531,-87.098318,exit
20082,33.357052,-97.696224,city
20083,31.988829,-106.582784,exit
20086,33.264731,-97.177883,exit
20105,33.162171,-95.236464,exit
20108,29.217284,-98.412628,exit
20109,29.445068,-98.361228,exit
20114,29.835134,-94.382703,exit
20118,44.295816,-90.822618,exit
20119,44.260335,-88.874436,city
20121,37.792274,-81.216768,exit
44228,42.979640,-82.765532,exit
52040,45.980210,-122.824797,exit
52048,30.559627,-88.202426,exit
52052,33.218982,-92.664071,city
52065,28.784289,-82.123072,city
52067,33.786732,-84.492946,exit
52070,30.839068,-82.007342,city
52081,40.465267,-86.127348,city
52085,38.864080,-98.854755,exit
52088,36.737459,-88.644491,city
52089,31.622318,-91.834430,city
52090,31.728449,-93.156226,exit
52099,43.119160,-83.763435,exit
52103,34.948353,-88.513618,city
52104,34.380293,-88.696217,city
52106,45.814739,-108.414745,exit
52107,35.610890,-80.518182,exit
52112,43.415731,-73.490513,city
52128,36.182383,-86.298562,exit
52140,46.305820,-119.978686,exit
52142,42.332256,-83.881027,city
52143,34.687706,-85.002004,exit
52145,39.695007,-86.192659,exit
52146,42.854090,-106.270864,exit
52149,38.917650,-84.629124,exit
52150,42.069699,-80.040580,exit
52152,41.328073,-105.615866,exit
52153,42.450687,-87.925147,city
52155,41.561490,-72.916765,exit
52163,34.273191,-84.811355,exit
52212,41.776780,-107.311080,exit
52221,32.655050,-96.750790,exit
52222,30.116026,-93.816225,exit
52230,41.244214,-112.015859,exit
52233,32.511440,-114.526787,city
52235,41.328073,-105.615866,exit
52236,33.393667,-110.741190,city
52239,31.431052,-83.517275,exit
52241,39.087521,-104.861542,exit
52250,42.097129,-72.054968,city
52255,41.685746,-88.066734,exit
52262,31.516223,-87.327714,city
52278,32.806892,-81.942039,city
52297,36.910013,-86.432201,exit
52299,30.447495,-91.244028,exit
52302,30.154405,-93.638541,exit
52304,30.171868,-90.876602,exit
52307,43.983240,-94.626062,city
52313,32.347864,-90.829700,exit
52322,40.655606,-74.191767,exit
52323,40.710038,-74.172198,exit
52325,42.449977,-75.051468,exit
52326,38.816576,-90.954225,exit
52334,43.796802,-90.056849,exit
52335,37.192459,-77.327902,exit
52340,40.426307,-78.430260,city
52344,46.815857,-100.768569,city
52346,39.277197,-76.473366,exit
52348,42.316988,-83.088246,exit
52361,32.645642,-96.788626,exit
52363,43.220424,-85.554367,city
52364,32.470982,-91.757449,city
52365,34.138713,-87.970833,city
52366,35.489041,-94.225884,exit
52367,37.846292,-77.452934,exit
52383,33.324265,-87.047906,exit
52384,34.231884,-79.796996,exit
52385,40.267080,-82.927309,exit
52387,34.619430,-89.951044,exit
52388,35.140836,-81.509143,exit
52393,43.827872,-94.436569,city
52400,42.779175,-87.953779,exit
52401,35.175392,-92.743746,exit
52402,32.447309,-93.980779,exit
52403,30.423777,-89.138711,exit
52404,41.099095,-114.952499,exit
52405,41.599922,-90.618028,exit
52411,40.740726,-111.949238,exit
52413,41.047364,-83.638093,city
52414,48.187935,-122.202951,exit
52421,41.146604,-78.787381,exit
52422,44.905063,-91.854704,exit
52423,46.006990,-112.611126,exit
52426,34.367811,-86.891629,exit
52427,39.616242,-119.266114,exit
52428,33.929732,-81.074586,exit
52430,34.928313,-85.152423,exit
52431,30.944771,-81.685877,exit
52435,30.229792,-93.356343,city
52438,36.671456,-89.538348,exit
52439,31.307305,-89.317434,city
52441,35.578890,-78.146399,exit
52450,32.520637,-96.822104,exit
52452,44.023168,-88.562260,city
52454,39.999572,-81.579371,exit
52455,34.190682,-97.165230,exit
52456,37.010521,-94.547830,exit
52458,34.784893,-92.128342,exit
52461,40.078824,-74.852483,city
52463,36.240484,-115.101588,exit
52464,41.202124,-76.785449,city
52465,35.282587,-93.092427,exit
52466,39.632825,-75.955201,exit
52467,34.066482,-81.022423,exit
52468,35.460213,-97.688755,exit
52469,33.906654,-98.525848,city
52470,41.649923,-93.600378,exit
52471,40.833394,-83.962526,exit
52472,40.234832,-77.127348,exit
52473,39.682920,-111.838497,exit
52474,42.299887,-85.079565,exit
52477,46.847583,-96.862483,exit
52478,38.344987,-82.941648,exit
52479,34.346519,-83.318498,exit
52480,34.386353,-96.131101,city
52482,30.825428,-81.666574,exit
52483,38.882060,-97.593643,exit
52484,41.695580,-92.354090,exit
52510,38.650015,-83.792961,city
52511,39.776664,-86.145935,city
52512,32.439502,-98.696333,exit
52513,32.271347,-90.093698,city
52514,36.759269,-89.538001,exit
52516,35.018748,-110.674163,exit
52517,33.919183,-102.334804,city
52520,41.985722,-76.520848,city
52527,29.406721,-82.247497,exit
52528,39.016202,-94.128503,exit
52529,45.136542,-112.736996,exit
52531,39.130641,-94.498523,exit
52534,36.166854,-84.081693,exit
52535,31.454089,-96.078472,exit
52537,44.578727,-91.204647,exit
52539,33.683581,-84.310499,exit
52541,45.926394,-86.974284,city
52542,28.325350,-82.324587,exit
52546,30.904933,-84.573047,city
52548,40.821134,-97.807004,exit
52549,41.451868,-81.656242,exit
52550,35.812084,-86.396602,exit
52551,30.721500,-85.185968,exit
52552,38.723102,-94.455054,exit
52553,35.085277,-106.747540,exit
52557,34.718502,-87.702586,city
52558,35.515244,-93.821449,exit
52562,44.653970,-73.482878,exit
52563,30.643261,-83.188860,exit
52564,37.059305,-94.432945,exit
52565,27.690277,-99.459813,exit
52566,27.606663,-99.494535,exit
52575,37.060565,-113.585425,exit
52577,41.232066,-95.904136,exit
52580,31.138216,-81.574659,exit
52581,32.266144,-109.844121,exit
52582,42.889751,-97.392687,city
52585,46.896833,-103.190622,exit
52587,43.105566,-76.209664,city
52588,33.561901,-101.888883,city
52590,36.665445,-86.556066,exit
52591,37.935510,-77.470216,exit
52594,40.132475,-79.995089,exit
52595,40.857215,-75.776338,city
52597,40.184594,-77.238719,exit
52598,40.200888,-76.729183,city
52599,40.201730,-76.021030,city
52601,34.784893,-92.128342,exit
52602,40.521376,-78.421656,city
52603,47.453046,-99.131166,city
52605,41.427079,-87.759438,exit
52607,36.020009,-87.333792,exit
52608,35.721610,-81.186317,exit
52610,42.140241,-79.921778,exit
52611,29.373045,-100.881851,city
52612,34.822603,-102.400163,city
52615,41.462957,-82.054386,exit
52616,40.114742,-85.568836,exit
52618,34.709167,-82.499744,exit
52620,39.329992,-101.689098,exit
52621,39.329796,-101.540094,exit
52622,32.131695,-101.792457,city
52623,41.922145,-72.260206,exit
52624,45.762769,-119.203053,exit
52625,38.224789,-91.155717,exit
52626,31.138216,-81.574659,exit
52628,33.630909,-113.767004,exit
52629,47.006586,-120.592356,exit
52630,45.049552,-122.972765,exit
52632,39.550655,-86.041410,exit
52633,36.066981,-79.311663,exit
52634,40.821312,-97.597505,exit
52635,35.462587,-97.480699,exit
52636,38.167028,-87.546259,exit
52638,31.574964,-102.892239,exit
52640,41.497804,-87.509012,city
52641,32.191260,-81.194717,exit
52642,34.506644,-81.859860,exit
52643,28.701071,-100.476229,city
52644,36.254037,-80.894620,city
52646,39.765886,-104.791325,exit
52647,39.945298,-82.599942,exit
52648,31.739146,-99.955413,city
52649,30.489831,-84.425676,exit
52651,29.732051,-98.074421,exit
52652,38.259831,-84.535089,city
52656,31.172023,-105.655898,exit
52658,35.422207,-96.299913,exit
52659,32.353060,-108.742737,exit
52661,32.599844,-97.319991,exit
52663,32.626481,-88.207909,exit
52664,41.334337,-75.736942,exit
52667,32.336149,-89.288897,exit
52669,40.925868,-75.094062,city
52674,32.459544,-99.871621,exit
52675,46.394600,-105.822549,exit
52676,41.146604,-78.787381,exit
52678,31.886052,-100.295123,city
52679,40.122453,-74.718227,exit
52680,30.066229,-81.498260,exit
52683,36.191438,-94.155062,city
52684,41.842365,-90.242816,city
52685,34.983742,-90.904661,exit
52686,34.952610,-110.310801,exit
52687,33.659907,-114.239864,exit
52690,27.425567,-80.340377,city
52691,33.684510,-85.262290,exit
52692,38.732321,-89.912601,exit
52697,40.188469,-111.647183,exit
60084,31.185284,-85.236236,city
60106,31.291534,-85.711711,city
60114,31.325529,-85.846071,city
60136,31.354974,-85.357031,city
60145,31.087727,-88.013166,city
60147,32.784391,-86.879694,city
60191,33.497317,-112.936735,exit
60206,37.658308,-104.794058,exit
60208,41.349097,-72.867767,exit
60220,28.721898,-81.573234,city
60224,31.234057,-84.209563,city
60226,31.771864,-84.443499,city
60229,32.623676,-83.369792,exit
60230,31.126639,-84.151459,city
60242,43.049843,-91.391056,city
60243,42.026353,-96.132078,exit
60245,42.938073,-114.992648,exit
60248,40.595791,-74.233933,exit
60250,40.665432,-74.181619,exit
60255,40.315933,-88.993257,city
60256,41.280958,-74.730511,city
60270,38.658226,-87.160361,city
60273,39.364849,-101.055094,exit
60280,37.057106,-97.338351,exit
60282,38.472037,-101.754525,city
60294,30.315499,-91.830626,exit
60295,30.235639,-92.385710,exit
60298,30.416178,-92.055253,exit
60313,39.380642,-76.456681,city
60316,45.872946,-68.413186,exit
60324,42.446386,-83.095136,exit
60326,42.979640,-82.765532,exit
60328,43.024420,-83.691971,city
60329,44.657960,-84.711067,city
60333,45.959744,-86.250953,city
60341,42.100754,-84.991554,city
60342,44.754309,-85.603011,city
60344,42.673081,-85.641727,city
60347,43.687815,-93.359036,exit
60358,46.870987,-96.578411,city
60372,37.147317,-94.323362,city
60373,36.920422,-89.319219,exit
60374,37.889607,-93.621824,city
60379,39.242798,-91.642566,city
60380,40.526323,-92.531732,city
60382,39.130641,-94.498523,exit
60383,38.899638,-91.456653,exit
60392,32.296980,-89.804111,exit
60398,45.644432,-110.570359,exit
60400,48.776020,-104.557296,city
60416,34.330457,-78.701436,city
60420,40.103463,-99.365616,city
60426,42.852033,-71.519877,city
60434,40.627337,-74.236310,city
60442,41.661736,-88.428596,city
60460,40.261752,-81.847292,city
60461,39.788700,-84.184842,exit
60463,40.394734,-84.161344,exit
60465,40.596746,-83.123185,city
60471,41.375067,-81.514354,exit
60473,40.819060,-81.931557,city
60476,36.790402,-95.933712,city
60508,40.803964,-75.926877,city
60513,33.372432,-79.280793,city
60515,34.770117,-80.385705,city
60516,33.209517,-80.452707,city
60519,44.362341,-98.209571,city
60538,30.666016,-96.381049,city
60539,30.442920,-93.960337,city
60540,32.542855,-95.758274,exit
60551,33.474369,-94.408943,exit
60554,34.191118,-101.723500,city
60565,35.230786,-100.248086,exit
60579,37.278458,-79.958174,city
60587,47.373167,-120.142076,city
60589,44.949802,-91.153760,city
60590,42.675803,-90.120814,city
60601,46.693164,-92.081086,city
60635,36.284949,-92.486830,city
60650,32.939454,-112.743059,exit
60700,39.699132,-105.204794,exit
60707,40.621057,-103.172700,exit
60708,40.079920,-102.228597,city
60762,31.764753,-82.349254,city
60768,34.206007,-84.761330,exit
60773,32.301182,-83.478856,city
60779,33.325821,-83.388862,city
60781,32.493329,-83.742644,exit
60783,34.610427,-83.525550,city
60787,33.782487,-84.648488,city
60788,32.992379,-82.396864,city
60791,32.758431,-83.711002,exit
60795,31.598633,-83.249809,city
60797,34.266133,-85.186052,city
60804,32.864790,-82.402802,city
60807,40.994954,-92.167346,city
60817,42.645805,-92.462397,city
60822,43.084381,-91.567791,city
60829,39.704485,-91.039396,exit
60833,41.951525,-88.089118,city
60834,41.744410,-87.768568,city
60839,40.774351,-89.753215,exit
60846,41.608577,-90.193240,exit
60851,41.873844,-88.015491,city
60857,38.728108,-88.084219,city
60865,41.816922,-87.743717,exit
60871,41.028233,-89.056391,exit
60881,38.287450,-85.912423,exit
60882,41.573899,-85.830325,city
60887,38.194451,-86.982110,exit
60890,38.839490,-88.785370,exit
60900,41.674467,-86.619898,city
60902,41.730402,-86.333092,exit
60913,37.975876,-100.850884,city
60926,39.823608,-100.530782,city
60958,29.784946,-91.509567,city
60979,30.154405,-93.638541,exit
60988,42.175006,-72.923862,city
60989,42.175006,-72.923862,city
60993,42.307905,-71.436196,city
60997,42.183660,-72.457857,city
60998,42.183660,-72.457857,city
61004,42.097129,-72.054968,city
61006,42.267441,-71.617492,city
61019,38.457811,-75.755377,city
61028,43.590062,-83.888421,city
61030,42.308649,-83.482158,city
61032,43.826006,-84.761755,city
61034,42.277049,-83.156643,exit
61037,42.800606,-83.717708,city
61038,42.977787,-83.682336,exit
61042,42.275163,-85.588501,city
61057,45.926394,-86.974284,city
61063,42.106309,-84.996112,exit
61076,45.250435,-93.024568,exit
61080,46.519630,-95.372780,city
61090,48.111241,-96.177562,city
61093,43.637659,-95.568924,exit
61099,38.005733,-90.222622,exit
61102,38.947290,-92.326387,city
61106,38.351176,-92.576704,city
61110,39.159070,-94.497283,exit
61111,39.552496,-94.269560,exit
61115,39.418112,-92.436544,city
61118,37.709661,-89.891900,exit
61145,31.307305,-89.317434,city
61146,31.907348,-89.015110,exit
61149,32.510394,-88.526366,city
61168,34.949671,-88.924455,city
61171,30.856048,-89.138981,city
61176,48.590128,-109.231820,city
61182,47.051379,-109.452385,city
61193,41.088033,-83.659881,exit
61195,35.001266,-78.331940,city
61205,35.722710,-78.585090,exit
61210,36.094850,-79.823624,city
61254,36.007258,-80.833776,exit
61266,48.112578,-98.874762,city
61269,47.888828,-97.088668,exit
61271,46.911242,-98.010046,exit
61291,42.904248,-72.515645,city
61292,40.710057,-74.145368,exit
61301,39.904611,-74.997000,city
61304,40.313450,-74.520233,city
61305,40.313450,-74.520233,city
61308,40.827492,-74.061626,city
61312,40.508641,-74.859869,city
61326,39.948992,-74.900247,city
61328,40.450392,-74.479416,city
61333,40.847017,-73.997061,city
61337,39.727704,-75.469035,city
61339,40.669414,-75.134591,exit
61346,40.781779,-74.067189,city
61357,32.883619,-105.963607,city
61364,36.753833,-108.180530,city
61409,43.247903,-76.722852,city
61410,43.169927,-77.616891,city
61421,41.405329,-82.231725,city
61430,41.303585,-82.979425,city
61431,41.303585,-82.979425,city
61439,41.518965,-83.363624,city
61449,41.281952,-81.222399,city
61450,41.281952,-81.222399,city
61453,41.575615,-83.669961,city
61458,40.917919,-80.600673,city
61459,40.917919,-80.600673,city
61461,41.635757,-83.488654,exit
61477,33.936486,-95.517868,city
61483,32.554005,-93.780874,exit
61492,34.303137,-97.159535,exit
61508,40.015115,-78.503017,city
61509,40.015115,-78.503017,city
61511,40.486367,-76.244506,exit
61515,40.234832,-77.127348,exit
61540,40.152343,-74.852340,city
61559,40.005030,-79.077855,city
61560,40.005030,-79.077855,city
61567,40.505672,-79.841947,city
61569,41.842916,-79.143865,city
61570,40.127583,-78.062782,city
61571,40.593648,-75.478393,city
61594,34.791867,-82.415768,exit
61595,34.791867,-82.415768,exit
61596,34.195397,-82.153665,city
61597,34.869322,-82.230915,exit
61598,33.752983,-79.446192,city
61599,35.080771,-82.062080,exit
61605,34.178732,-79.395723,city
61616,34.509528,-80.997862,exit
61621,43.691897,-98.012408,exit
61625,44.909188,-97.155685,city
61633,35.982750,-85.013593,exit
61642,39.368098,-94.372213,exit
61646,35.348738,-89.518795,exit
61651,36.224171,-83.040556,exit
61654,35.744425,-89.533331,city
61656,36.427088,-89.047720,city
61660,35.789151,-88.392062,exit
61684,31.258315,-95.979399,city
61730,31.951016,-102.139211,exit
61747,29.288467,-98.646569,exit
61751,32.722194,-102.649813,city
61761,35.237861,-102.428477,exit
61763,31.560918,-102.997233,exit
61787,36.684014,-76.941396,city
61796,36.683527,-79.863647,city
61799,37.100820,-81.128697,exit
61804,36.948010,-77.400067,city
61806,37.184585,-75.958264,city
61819,46.106834,-122.879415,exit
61830,44.279795,-88.388303,city
61832,45.402192,-91.844350,city
61835,42.543326,-87.952326,exit
61843,43.445001,-88.640328,city
61849,43.093086,-88.908482,exit
61862,44.053606,-89.115252,city
61867,43.938249,-90.812705,city
61877,42.837439,-88.734282,city
61879,44.392923,-89.826749,city
61880,44.392923,-89.826749,city
61968,34.202130,-97.164021,exit
62008,41.126731,-76.309451,city
62075,37.760677,-100.018438,city
62097,35.578981,-92.455735,city
62211,40.246291,-104.052374,exit
62238,29.714390,-81.499154,city
62283,31.864128,-82.599276,city
62316,42.472111,-91.338259,city
62355,40.733743,-89.034417,exit
62370,42.265448,-88.887758,city
62399,41.735036,-85.790963,exit
62462,37.757172,-87.117398,city
62467,38.365437,-82.776250,exit
62480,29.516283,-90.329714,city
62487,30.784234,-91.376417,city
62500,30.154405,-93.638541,exit
62547,45.021342,-84.681822,city
62550,42.137098,-83.382042,exit
62559,42.907412,-82.505290,exit
62560,42.879240,-85.075124,exit
62701,39.688537,-79.101798,exit
62710,45.831912,-109.908252,exit
62753,46.858932,-96.905563,city
62768,42.806378,-102.204002,city
62774,43.211935,-71.222563,city
62790,40.847017,-73.997061,city
62800,40.488533,-74.279133,city
62817,35.289770,-84.814758,exit
62824,39.614245,-119.220440,exit
62841,42.593765,-76.097502,city
62844,42.798186,-76.110237,city
62850,43.235497,-73.692283,exit
62887,39.294885,-84.467218,exit
62911,36.938594,-77.734471,exit
62918,41.322594,-81.443123,city
62991,41.354394,-75.374886,exit
62996,40.558438,-78.099883,city
63013,41.628605,-71.658874,city
63018,32.887363,-80.013081,exit
63126,29.496497,-98.198435,exit
63193,38.715376,-77.797563,city
63211,48.422350,-119.530661,city
63246,42.725117,-87.953911,exit
63313,35.263192,-90.228221,exit
63330,34.266133,-85.186052,city
63336,39.831505,-89.593130,exit
63349,36.702744,-87.454910,exit
63351,37.568470,-84.314686,exit
63353,40.338678,-88.765101,exit
63376,44.771906,-93.475699,city
63379,39.016202,-94.128503,exit
63388,35.763648,-78.004104,exit
63391,41.105207,-100.725391,exit
63409,43.001707,-78.415778,exit
63428,35.458475,-95.540487,exit
63442,36.027441,-87.177528,exit
63455,39.290821,-78.084402,exit
63456,37.186211,-77.490577,exit
63495,33.226466,-97.587208,city
63498,36.068764,-79.352950,exit
63500,43.350934,-83.864498,exit
63501,40.235382,-77.126614,exit
63502,35.673807,-97.413076,city
63506,44.540773,-89.544453,exit
63509,34.391695,-83.228141,exit
63510,34.342764,-79.533944,exit
63511,33.271165,-80.569237,exit
63512,35.351028,-81.754419,city
63516,38.762513,-78.633508,exit
63517,33.591016,-86.124264,exit
63519,38.440683,-81.832768,exit
63522,36.182383,-86.298562,exit
63523,34.532297,-86.905443,exit
63524,31.960219,-83.751566,exit
63530,30.000902,-90.038344,exit
63532,35.742643,-95.356864,city
63533,43.662255,-116.661148,exit
63538,44.626729,-88.033045,city
63540,32.659589,-83.744254,exit
63545,35.157338,-81.479827,exit
63546,32.936618,-82.812071,city
63563,31.038240,-104.824403,exit
63564,39.974567,-83.097640,exit
63565,32.939454,-112.743059,exit
63566,30.447495,-91.244028,exit
63568,38.414645,-96.232389,exit
63569,41.497642,-95.337730,exit
63570,40.997452,-81.996484,exit
63571,30.060223,-89.939087,exit
63572,34.729581,-114.316421,exit
63574,44.026356,-116.949544,exit
63575,35.422207,-96.299913,exit
63577,41.462288,-88.271495,exit
63579,39.441739,-75.717383,city
63580,42.457254,-92.254650,exit
63581,38.147146,-84.531177,exit
63582,41.437087,-97.358615,city
63583,41.437087,-97.358615,city
63584,33.716654,-85.026975,exit
63586,36.189507,-95.338902,city
63587,38.827000,-97.639709,exit
63588,42.725117,-87.953911,exit
63594,36.681941,-87.404595,exit
63595,40.698965,-84.089413,exit
63596,36.231653,-89.732377,exit
63597,32.339463,-108.679862,exit
63598,43.796802,-90.056849,exit
63599,40.740726,-111.949238,exit
63600,32.277123,-90.186345,exit
63601,32.727921,-97.817529,exit
63602,34.947987,-104.641458,exit
63603,31.322904,-94.729026,city
63604,29.650107,-81.671878,city
63605,38.154164,-85.070011,exit
63606,40.033741,-86.470632,exit
63607,43.962741,-90.377985,exit
63608,42.267088,-89.233970,city
63609,42.259300,-89.063478,city
63612,27.447643,-80.394328,exit
63613,32.339463,-108.679862,exit
63614,40.114742,-85.568836,exit
63615,37.084288,-80.649856,exit
63616,42.420281,-83.752134,city
63619,32.510947,-92.191883,exit
63620,32.273110,-90.162613,exit
63621,32.843440,-96.877113,exit
63623,27.415937,-80.388395,exit
63624,30.252334,-92.269592,exit
63625,39.727704,-75.469035,city
63627,34.492286,-89.021720,city
63628,30.875473,-88.047388,exit
63629,44.578727,-91.204647,exit
63630,39.882792,-104.794908,city
63635,38.999471,-96.861608,exit
63636,31.429885,-110.964850,exit
63637,39.956092,-83.373665,exit
63639,39.449358,-87.126242,exit
63640,38.088319,-83.899664,exit
63641,28.006067,-82.302700,exit
63642,35.109910,-92.437050,exit
63648,33.413478,-84.164039,exit
63649,31.038226,-82.742081,city
63651,33.949597,-83.370088,city
63652,42.245028,-91.891074,exit
63653,42.079237,-110.951898,city
63661,34.955780,-89.841185,city
63662,32.612966,-83.742791,exit
63667,33.285912,-79.694650,city
63668,33.634191,-80.875663,exit
63669,32.608467,-96.687987,exit
63671,42.063075,-104.172984,city
63676,44.222689,-85.968132,city
63680,43.085635,-71.473781,exit
63685,35.224859,-88.330789,city
63690,33.831333,-93.395109,exit
63691,30.379777,-83.297752,exit
63694,33.490256,-89.729287,city
63695,33.716654,-85.026975,exit
63697,37.114809,-76.492812,exit
63699,41.822712,-90.544087,city
63700,42.497821,-83.535182,exit
63701,40.539396,-112.307843,city
63702,38.195417,-85.708065,exit
63703,39.914648,-83.016525,exit
63704,39.286362,-84.426612,exit
63706,43.104550,-88.058033,exit
63715,40.847116,-111.918780,city
63716,42.165967,-89.023637,exit
63718,41.934250,-89.024136,exit
63720,33.462500,-112.211167,exit
63721,27.793972,-97.669162,city
63722,30.447495,-91.244028,exit
63724,35.680969,-88.742606,exit
63725,34.273191,-84.811355,exit
63726,36.162655,-95.820166,exit
63727,42.101331,-75.909369,city
63728,41.616512,-90.782939,exit
63729,40.739907,-114.058161,exit
63730,39.739642,-81.530786,exit
63731,30.249381,-93.014111,exit
63732,32.808453,-111.669769,exit
63734,35.275099,-77.593368,city
63736,31.062516,-104.500677,exit
63737,30.238403,-92.188896,city
63738,40.273281,-96.745954,city
63740,36.700267,-79.378992,city
63741,37.342886,-77.335943,exit
63743,41.308980,-75.760599,exit
63744,36.702744,-87.454910,exit
63745,38.167033,-87.550295,exit
63746,35.082852,-81.705736,exit
63747,38.456596,-85.296412,exit
63751,32.277123,-90.186345,exit
63752,41.141884,-80.720356,exit
63753,34.557098,-84.936234,exit
63755,35.405162,-94.525962,exit
63756,33.522618,-82.028906,exit
63759,36.696535,-94.957463,city
63760,29.578637,-90.707901,city
63761,45.217945,-93.595656,exit
63762,41.250412,-87.852278,exit
63763,41.371836,-89.096258,exit
63764,31.730264,-96.181797,exit
63767,33.730898,-101.843846,city
63768,39.000825,-93.735213,exit
63770,41.787296,-80.854481,exit
63771,42.471383,-93.568787,exit
63773,39.241270,-94.419445,city
63774,39.630388,-77.809421,exit
63775,42.490985,-88.994012,exit
63776,44.171124,-93.975605,city
63777,44.138427,-93.250135,exit
63778,44.948913,-93.104030,city
63781,39.601152,-82.932515,city
63782,38.429167,-95.728626,exit
63787,30.449430,-88.933828,exit
63789,41.289237,-87.300995,exit
63790,36.109112,-83.336155,exit
63791,31.467043,-97.166987,exit
63792,29.268218,-82.193565,exit
63793,36.424832,-99.404726,city
63794,33.119429,-95.633066,exit
63795,36.446037,-103.148873,city
63796,36.078941,-79.224712,exit
63798,36.771877,-81.781149,exit
63799,35.292114,-95.586425,city
63800,41.237511,-73.024596,exit
63801,39.159070,-94.497283,exit
63802,35.216523,-111.581978,exit
63803,35.515453,-94.113633,exit
63805,27.755616,-98.065812,city
63812,37.594896,-85.868998,exit
63813,29.459775,-98.524263,city
63828,34.199790,-86.153290,city
63829,33.123892,-86.745931,city
63836,34.800627,-91.748063,exit
63841,33.276698,-93.226247,city
63846,35.063711,-94.234842,city
63848,33.475887,-94.007090,exit
63850,35.236473,-111.823124,exit
63854,34.788119,-94.049397,city
63855,31.964939,-110.347750,exit
63856,34.318841,-112.123348,exit
63870,39.780992,-104.899516,exit
63871,39.155051,-108.737466,exit
63876,28.306228,-81.413491,city
63887,34.371431,-84.921567,city
63893,33.632731,-84.398816,exit
63894,34.163316,-84.801066,city
63895,34.779500,-84.786518,city
63904,32.012457,-81.194157,city
63907,34.152565,-83.645885,exit
63909,30.825428,-81.666574,exit
63910,32.799472,-83.569189,exit
63912,30.758637,-81.652217,exit
63914,34.398088,-83.661905,city
63915,32.507297,-84.949751,exit
63922,30.839422,-83.978781,city
63925,30.751741,-83.274347,exit
63931,34.419016,-79.412369,exit
63937,40.688920,-95.782766,exit
63938,41.014130,-95.224371,city
63942,30.052877,-89.934502,city
63946,41.513146,-88.042824,exit
63955,39.740193,-89.923907,exit
63957,39.163700,-86.524264,city
63959,41.820973,-88.187474,city
63960,41.366767,-85.081596,exit
63962,41.695214,-85.955432,city
63964,29.277391,-98.657373,city
63965,40.261363,-86.654785,exit
63966,41.123873,-85.185002,exit
63972,41.722822,-85.425486,city
63977,38.241779,-86.359389,exit
63978,39.264887,-87.119306,city
63979,30.137444,-91.955830,city
63988,37.533095,-95.822348,city
63990,39.761733,-94.926106,city
63992,38.285873,-95.241231,city
63994,39.020476,-96.816138,exit
63997,37.689517,-96.783833,city
64001,37.621955,-96.227525,city
64002,37.830000,-85.719671,exit
64003,37.403758,-86.873606,city
64016,37.217410,-86.700155,city
64020,31.347388,-92.518857,exit
64021,30.726575,-90.508982,city
64028,29.951114,-91.991710,city
64029,30.171868,-90.876602,exit
64030,29.858668,-90.003268,city
64034,29.784946,-91.509567,city
64036,29.578637,-90.707901,city
64040,30.249381,-93.014111,exit
64042,30.088629,-90.442029,exit
64043,32.119763,-93.608401,exit
64044,30.052877,-89.934502,city
64045,30.443835,-91.207410,city
64047,30.443835,-91.207410,city
64048,30.447495,-91.244028,exit
64049,29.565196,-90.376167,city
64050,29.885715,-90.113200,city
64058,30.154405,-93.638541,exit
64059,33.001934,-93.461511,city
64060,32.871072,-93.986249,city
64062,42.061166,-71.643628,city
64063,42.150095,-71.868405,city
64069,38.682795,-76.884463,city
64072,43.383901,-84.651742,city
64082,42.985440,-83.932530,city
64084,42.265876,-84.620442,exit
64085,42.254662,-83.302416,exit
64087,42.490286,-83.046011,exit
64091,45.987730,-94.354805,city
64092,33.172709,-87.447315,exit
64097,45.121029,-95.058734,city
64098,43.637659,-95.568924,exit
64101,37.250246,-93.224583,exit
64106,37.075218,-94.501259,city
64112,37.250276,-93.263216,exit
64116,42.800289,-84.739599,exit
64120,46.476904,-89.933430,city
64122,35.156176,-103.702363,exit
64124,45.526690,-94.171008,city
64126,47.241387,-93.662895,city
64132,34.948353,-88.513618,city
64139,30.931213,-88.595896,city
64153,35.977928,-78.898109,city
64155,36.147399,-78.725071,exit
64156,35.602176,-78.569135,exit
64163,35.003326,-80.558862,city
64167,42.916673,-71.371775,exit
64170,35.158911,-78.716476,exit
64171,34.992591,-78.132758,exit
64172,40.972107,-96.387910,exit
64173,40.896862,-96.642931,exit
64181,40.426249,-74.418244,city
64182,40.829055,-74.015478,city
64183,40.553141,-74.286969,city
64187,35.520356,-105.249779,exit
64189,35.170918,-103.705279,city
64195,42.026110,-76.381025,exit
64201,34.810489,-78.986811,exit
64206,40.223841,-74.763624,city
64210,40.551457,-74.409621,exit
64211,32.400528,-104.238257,city
64215,33.255388,-103.310211,city
64216,42.265385,-76.676669,city
64218,42.784451,-74.027673,exit
64221,41.062355,-81.479127,exit
64223,41.318156,-81.679262,city
64224,41.318156,-81.679262,city
64227,39.214190,-81.802513,city
64229,39.945195,-82.480575,exit
64230,39.942418,-82.536263,exit
64231,41.405329,-82.231725,city
64233,39.240686,-84.771162,exit
64235,41.116422,-83.179478,city
64236,40.830669,-83.270709,city
64243,34.657061,-99.309046,city
64244,33.930829,-96.429060,city
64256,35.405162,-94.525962,exit
64261,35.625162,-95.954032,city
64264,34.183749,-98.026298,city
64265,35.536324,-98.658930,exit
64270,40.083318,-74.934628,exit
64274,40.131276,-76.796242,exit
64275,40.096029,-75.379074,city
64282,41.060449,-75.748980,exit
64285,35.162557,-81.454646,exit
64287,33.752358,-81.527212,exit
64288,34.194486,-80.280357,exit
64294,34.837821,-81.970578,exit
64298,34.331081,-81.609276,exit
64299,32.783370,-80.215432,city
64300,34.837821,-81.970578,exit
64301,33.815838,-81.452612,exit
64307,32.937115,-80.540935,city
64309,33.880548,-81.036919,exit
64310,33.197195,-80.604507,exit
64313,43.543209,-96.780459,exit
64314,43.998795,-97.361614,city
64336,43.962741,-90.377985,exit
64337,32.152046,-94.337111,city
64343,32.606696,-99.810163,city
64347,36.581754,-79.408258,city
64350,28.330000,-98.118304,city
64352,30.906306,-102.879281,exit
64355,31.700387,-98.119669,city
64360,28.113167,-97.818127,exit
64374,33.962773,-98.680872,city
64382,31.307383,-96.629361,city
64390,31.972215,-102.074624,exit
64393,29.665443,-98.167664,exit
64399,34.726733,-100.541655,city
64407,27.358516,-98.124430,city
64408,29.217284,-98.412628,exit
64409,29.339682,-98.560593,exit
64420,31.906912,-94.397056,city
64421,33.426257,-96.344594,city
64422,30.107559,-94.052220,exit
64423,29.279438,-98.666448,exit
64430,41.717022,-112.187348,city
64431,41.717022,-112.187348,city
64435,36.581754,-79.408258,city
64436,36.702688,-77.549413,exit
64438,36.711825,-78.913354,city
64441,36.697157,-76.634781,city
64442,48.847672,-122.576623,exit
64445,44.248574,-91.491554,city
64446,42.523506,-89.017660,city
64447,44.737994,-88.451350,city
64451,37.983247,-75.529065,city
64455,38.067157,-78.901420,city
64463,44.430813,-89.518645,exit
64474,36.993719,-91.701863,city
64477,35.645381,-82.036608,exit
64478,41.267716,-110.938305,exit
64479,42.034300,-92.906266,city
64480,37.975876,-100.850884,city
64481,37.010521,-94.547830,exit
64482,32.606285,-90.069174,exit
64484,30.651958,-87.763533,exit
64485,32.645642,-96.788626,exit
64486,33.545817,-84.577947,exit
64487,39.145707,-88.529653,exit
64488,30.295087,-91.916138,exit
64490,33.762909,-84.422675,city
64491,41.598372,-87.602736,city
64492,39.801829,-86.044521,exit
64493,38.945414,-94.762745,exit
64494,42.265059,-83.172090,exit
64495,42.381889,-83.406185,exit
64496,42.241460,-83.332605,exit
64498,42.492904,-83.025001,city
64499,38.773317,-90.416997,city
64500,39.130641,-94.498523,exit
64501,35.276612,-80.806445,exit
64502,40.002173,-83.118524,exit
64503,41.721283,-83.500176,exit
64508,43.087815,-89.429856,city
64509,42.925522,-87.935226,exit
64511,43.063348,-87.966695,city
64512,43.024703,-88.107926,exit
64514,31.988829,-106.582784,exit
64517,44.938404,-92.374178,exit
64519,41.082414,-75.964862,exit
64520,39.868028,-84.921942,exit
64521,34.028862,-94.741357,city
64523,35.074258,-107.561342,exit
64525,41.123772,-80.769879,exit
64526,35.879716,-87.800804,exit
64527,38.456596,-85.296412,exit
64528,35.290405,-81.545645,city
64529,35.192770,-101.738025,exit
64530,33.555247,-83.474300,exit
64532,33.207670,-84.061712,exit
64533,32.965915,-97.340181,city
64534,43.480879,-70.499196,exit
64535,34.346519,-83.318498,exit
64536,42.642111,-114.445585,exit
64537,31.495590,-97.149929,exit
64538,41.607247,-87.107751,exit
64545,31.717639,-85.817550,city
64546,34.275371,-85.879209,exit
64554,34.792583,-85.909977,city
64558,32.344066,-88.795985,exit
64569,30.740907,-88.107652,exit
64571,36.282526,-115.026466,exit
64572,33.257570,-87.596396,city
64578,32.453878,-85.030947,city
64581,34.040014,-86.305179,city
64592,32.843447,-86.595215,exit
64595,30.489831,-84.425676,exit
64599,34.975106,-92.028288,city
64600,35.458120,-93.482305,exit
64610,36.099194,-93.733469,city
64617,35.697792,-90.050352,exit
64647,32.546925,-82.866967,city
64648,33.762909,-84.422675,city
64651,39.776664,-86.145935,city
64654,30.210622,-90.947261,exit
64655,36.058310,-79.667567,exit
64656,35.209045,-80.830990,city
64660,43.009084,-88.245062,city
64662,43.063348,-87.966695,city
64664,40.621784,-89.464245,exit
64671,44.295816,-90.822618,exit
64672,39.853433,-85.415829,exit
64673,41.537547,-86.904942,city
64674,41.693613,-71.900776,city
64675,38.944412,-91.941494,exit
64676,35.460213,-97.688755,exit
64677,37.341791,-84.307185,exit
64678,41.290050,-91.554266,city
64679,34.605734,-92.533734,exit
64681,32.734994,-111.549448,exit
64682,35.263219,-99.643659,exit
64683,33.766424,-84.526790,exit
64684,39.695007,-86.192659,exit
64687,34.654010,-84.984104,exit
64706,31.203721,-87.311219,exit
64712,31.233698,-85.406823,city
64713,31.325529,-85.846071,city
64715,32.459935,-86.457778,city
64718,31.915011,-87.737204,city
64719,32.821966,-85.213199,exit
64721,34.908793,-91.197391,exit
64723,33.883372,-91.485632,city
64724,36.071451,-94.166679,city
64755,38.935716,-92.777012,exit
64764,40.049953,-107.894584,city
64765,40.621057,-103.172700,exit
64773,39.441739,-75.717383,city
64775,39.670017,-75.566519,city
64777,26.526785,-80.080640,city
64778,29.962250,-82.924284,city
64779,28.516578,-82.404665,city
64789,25.775163,-80.208615,city
64793,30.050226,-81.901075,city
64795,28.507401,-81.419287,exit
64798,26.745114,-80.127038,city
64803,27.968402,-82.404539,exit
64804,27.967876,-82.474586,city
64811,32.074223,-84.222599,city
64815,32.318481,-84.517564,city
64819,33.669115,-84.337431,exit
64820,31.039691,-84.878424,city
64825,32.662433,-84.980529,exit
64831,31.933052,-82.683197,city
64833,31.179430,-83.790786,city
64834,31.179430,-83.790786,city
64840,34.008306,-85.044978,city
64842,32.439408,-81.775106,city
64843,32.439408,-81.775106,city
64850,32.864790,-82.402802,city
64856,41.363182,-93.780163,exit
64857,41.017447,-93.309629,city
64859,41.649923,-93.600378,exit
64860,42.498901,-90.707258,city
64862,43.128185,-92.739944,city
64863,40.621463,-91.346257,city
64868,41.007901,-91.163705,city
64871,41.419361,-91.067286,city
64873,42.026353,-96.132078,exit
64874,41.034847,-93.786677,city
64875,41.404715,-92.917412,city
64876,40.688920,-95.782766,exit
64877,41.483235,-91.572195,city
64880,43.419587,-95.109574,city
64881,42.642951,-95.196463,city
64883,41.497303,-95.222333,exit
64884,42.495380,-96.389495,city
64886,40.705655,-91.228102,city
64887,44.733195,-116.436837,city
64888,45.925826,-116.121916,city
64892,43.677492,-116.907579,city
64894,40.485117,-89.028617,exit
64902,40.389823,-88.875905,exit
64907,40.621981,-89.275448,exit
64913,40.470162,-90.683018,city
64914,39.358727,-87.882144,exit
64920,41.899320,-89.069125,exit
64928,41.755236,-87.875713,exit
64929,41.177396,-90.332433,exit
64930,41.984269,-88.023976,exit
64933,40.828854,-84.927813,city
64938,40.399524,-86.862782,city
64939,41.080356,-86.890549,city
64946,41.439283,-85.053625,exit
64949,37.925873,-95.398539,city
64950,39.851661,-95.537789,city
64952,38.341083,-100.138413,city
64961,39.761734,-95.634011,city
64963,38.395431,-96.536666,city
64964,37.482179,-100.846563,city
64969,37.343920,-85.352238,city
64980,37.187876,-82.898772,city
64982,38.650015,-83.792961,city
64984,37.962999,-84.388724,exit
64990,37.050696,-85.080481,city
64994,37.811604,-85.119551,city
64996,29.905363,-90.143545,city
64998,29.710332,-91.191542,city
64999,32.523674,-93.655426,city
65000,30.295087,-91.916138,exit
65002,30.137444,-91.955830,city
65005,32.518756,-92.330070,exit
65006,30.490429,-92.419064,city
65007,30.061951,-90.693938,city
65008,29.678003,-90.783138,city
65011,29.578637,-90.707901,city
65017,31.067324,-92.052825,city
65019,30.127773,-91.830845,city
65021,30.524897,-92.081654,city
65022,29.723511,-90.629673,city
65023,30.252334,-92.269592,exit
65025,32.466879,-93.792193,city
65026,29.963182,-90.307218,city
65027,30.310462,-93.666698,city
65030,29.794874,-90.814578,city
65033,40.833394,-83.962526,exit
65036,32.431438,-91.419127,exit
65037,32.507070,-92.159345,exit
65048,42.552845,-71.904437,city
65059,39.278383,-76.550666,exit
65062,39.627657,-78.015762,exit
65064,39.605107,-77.735094,exit
65066,38.625739,-75.867517,city
65067,38.377348,-76.953305,city
65069,44.037347,-70.269981,exit
65074,45.607144,-68.522110,exit
65075,43.679796,-70.325582,exit
65083,42.176713,-83.243555,exit
65084,44.246631,-85.432311,city
65086,42.459559,-86.198229,city
65088,46.633833,-87.839560,city
65091,42.328859,-83.156871,exit
65092,42.313057,-83.211488,city
65094,45.021342,-84.681822,city
65108,46.353821,-85.509804,city
65113,43.872754,-85.507006,city
65121,42.249510,-83.440062,exit
65127,42.929682,-85.737169,exit
65129,45.844212,-95.388331,exit
65132,47.487034,-94.882690,city
65135,44.957438,-95.367668,city
65136,46.747426,-92.148210,exit
65141,44.033174,-92.748578,city
65142,45.180053,-93.112902,exit
65153,45.520868,-94.242983,city
65162,38.767470,-90.203079,exit
65165,37.379922,-89.654073,city
65171,37.109843,-92.580955,city
65177,37.168552,-93.413059,city
65178,36.503954,-93.223792,city
65180,39.968191,-94.975620,exit
65188,34.869188,-89.689993,city
65192,31.648272,-89.567581,city
65194,31.258593,-89.818669,city
65197,31.597277,-89.210269,city
65198,32.155615,-90.122454,city
65204,33.538877,-89.125890,city
65212,31.203377,-89.029338,city
65213,31.203377,-89.029338,city
65214,32.340290,-89.137961,exit
65216,32.320903,-89.807951,city
65221,32.132405,-90.286798,exit
65223,34.161990,-89.630120,city
65225,30.856048,-89.138981,city
65234,35.807445,-77.375923,city
65241,35.378226,-77.971869,city
65246,34.623140,-79.052324,exit
65250,34.727941,-76.737002,city
65251,35.092713,-77.071774,city
65252,35.962519,-77.305093,city
65267,35.731503,-77.930722,city
65268,36.059847,-80.216506,exit
65270,46.931741,-104.007644,exit
65273,47.933993,-97.093525,exit
65274,48.365422,-99.990223,city
65282,40.168769,-97.585984,city
65283,42.428614,-97.096363,city
65284,40.741792,-99.740668,exit
65287,40.691123,-99.540646,exit
65289,40.658469,-96.661397,city
65290,41.868095,-103.660696,city
65292,40.663504,-96.182733,city
65293,40.174733,-101.013573,city
65294,42.237218,-97.008701,city
65296,43.178663,-71.531742,exit
65299,43.034896,-71.098414,city
65308,40.817097,-74.085024,city
65310,40.504396,-74.348843,city
65314,39.716021,-75.172451,city
65315,40.223841,-74.763624,city
65319,39.800521,-74.978008,city
65320,40.890477,-74.694482,exit
65328,40.793644,-74.025027,city
65329,37.212599,-108.726461,city
65332,39.968368,-75.057851,city
65334,40.691974,-75.179006,city
65335,40.691974,-75.179006,city
65338,40.724220,-74.172574,city
65339,40.829055,-74.015478,city
65343,40.551457,-74.409621,exit
65345,40.450392,-74.479416,city
65350,39.465007,-74.997115,city
65351,39.465007,-74.997115,city
65353,40.553141,-74.286969,city
65359,34.157590,-106.917876,exit
65360,33.373442,-104.529393,city
65361,35.417757,-106.405134,exit
65365,38.525256,-118.626030,city
65373,44.996779,-73.455647,exit
65377,42.604802,-73.769566,city
65379,42.186657,-75.637713,exit
65381,42.550491,-79.108667,exit
65383,42.088125,-78.630202,exit
65386,42.382741,-75.184049,exit
65387,44.579326,-73.533292,city
65392,42.967304,-76.851929,exit
65395,40.867194,-82.315332,city
65398,41.420914,-81.787794,exit
65400,40.805119,-82.971632,city
65406,41.583200,-81.536108,exit
65411,39.044460,-82.644658,city
65415,40.784483,-81.525216,city
65423,41.567272,-83.583329,exit
65426,39.725092,-82.955291,city
65431,40.366242,-80.656883,city
65441,35.389612,-99.428749,city
65444,34.011584,-95.512179,city
65445,33.907634,-94.822280,city
65451,36.443778,-95.708911,city
65457,33.738521,-97.146026,exit
65490,33.324072,-84.777306,exit
65494,33.544629,-83.080325,exit
65513,40.049620,-78.514087,exit
65514,40.476388,-76.295013,exit
65518,40.555951,-80.227915,city
65521,39.936829,-76.979459,city
65522,40.110171,-76.025953,city
65523,40.010850,-78.355339,city
65524,40.010850,-78.355339,city
65525,40.177306,-74.851971,city
65527,39.786510,-77.713235,exit
65530,40.280010,-76.644328,city
65532,41.031918,-77.518698,exit
65533,40.321738,-79.863012,city
65537,40.470561,-78.834011,city
65538,40.623705,-79.726152,city
65549,40.754917,-75.262935,city
65556,39.964798,-76.731840,city
65572,33.666398,-81.673860,exit
65573,34.000231,-79.207116,city
65578,32.917188,-80.065424,city
65587,34.447690,-82.394988,city
65588,32.792398,-80.108149,city
65593,34.213941,-81.528009,city
65594,34.916305,-80.980922,exit
65598,33.402642,-79.925234,city
65603,43.084046,-96.796123,exit
65604,44.362341,-98.209571,city
65608,43.302077,-96.796275,exit
65614,44.410607,-98.474254,city
65622,36.558549,-82.217001,city
65624,36.379739,-87.639869,city
65625,35.150178,-86.562292,city
65629,35.873232,-84.462291,exit
65639,35.934938,-86.532298,exit
65641,32.454514,-99.738147,city
65652,32.691373,-97.474362,exit
65659,34.255741,-99.514142,city
65666,32.770854,-96.814269,exit
65667,33.226466,-97.587208,city
65671,30.123528,-93.754548,city
65673,28.701071,-100.476229,city
65674,28.701071,-100.476229,city
65678,32.325067,-96.633799,city
65683,34.639435,-102.723119,city
65686,34.147664,-99.300427,city
65690,29.512549,-97.447205,city
65691,29.512549,-97.447205,city
65721,33.357052,-97.696224,city
65724,31.880461,-102.345314,city
65728,26.163436,-98.193890,city
65738,28.047778,-97.049877,city
65755,36.866981,-81.398573,city
65759,39.320378,-78.293338,city
65761,36.684014,-76.941396,city
65762,38.960572,-78.192322,exit
65764,39.102847,-77.554525,city
65765,37.272266,-79.100276,city
65767,37.126087,-82.607374,city
65770,44.922436,-73.107634,exit
65771,42.886147,-72.558857,exit
65789,44.531318,-88.727536,city
65791,44.922851,-89.962611,city
65793,43.971746,-89.820016,city
65794,44.456294,-87.956550,exit
65796,43.368831,-88.297462,exit
65800,43.519295,-88.231403,city
65804,44.191650,-88.623999,city
65805,43.594110,-88.442393,city
65806,43.594110,-88.442393,city
65809,44.022091,-90.075051,city
65810,43.882804,-90.146972,exit
65812,44.217499,-89.496926,city
65813,43.579003,-89.471687,exit
65814,43.041618,-91.135408,city
65817,45.905054,-91.833088,city
65818,43.891947,-91.075285,exit
65820,43.245704,-89.281518,city
65822,44.826881,-89.166583,city
65824,40.612924,-80.562730,city
65828,39.296792,-80.778158,city
65831,42.844431,-106.217320,exit
65835,43.647883,-108.214526,city
65836,32.955272,-97.310481,exit
65837,40.374349,-82.830090,exit
65842,33.303104,-82.207315,city
65847,40.181159,-88.245407,exit
65848,43.024420,-83.691971,city
65849,42.293835,-84.964625,exit
65857,32.549460,-93.515024,exit
65858,41.693552,-86.810662,exit
65859,41.712215,-85.830898,city
65860,32.918056,-96.438050,city
65862,38.025066,-79.140608,exit
65863,40.636794,-74.915205,city
65866,41.821330,-75.680812,exit
65868,35.849228,-80.859776,exit
65873,36.937337,-80.993461,exit
65880,39.175406,-89.680997,exit
65883,38.167033,-87.550295,exit
65885,33.348164,-96.553438,city
65909,43.973292,-75.910039,city
65912,34.386353,-96.131101,city
65914,40.921352,-98.358559,city
65915,46.850272,-96.907602,exit
65917,36.690546,-85.135489,city
65919,35.109164,-89.968511,city
65935,33.122934,-89.054879,city
65962,28.352610,-82.194183,city
65969,30.953661,-92.188111,city
65974,43.291094,-84.595673,city
65978,44.092697,-91.749953,city
65983,36.058565,-76.598979,city
65989,35.033648,-107.472900,exit
66014,32.857673,-96.969481,city
66015,28.046546,-99.350287,exit
66016,38.368982,-82.698605,exit
66017,29.747901,-81.346538,exit
66020,39.967379,-81.899317,exit
66021,37.978334,-85.697747,exit
66022,33.461696,-112.273726,exit
66023,40.688920,-95.782766,exit
66024,36.950454,-80.881022,exit
66025,45.833058,-119.284689,city
66026,39.134058,-88.561917,exit
66029,30.247720,-92.192882,exit
66030,41.690651,-93.180013,exit
66031,39.797911,-91.526558,city
66034,39.910424,-88.889450,exit
66035,43.001581,-89.200513,exit
66036,33.561675,-86.827571,exit
66037,33.810745,-93.423165,exit
66038,43.438840,-112.121128,exit
66039,32.391796,-91.199005,exit
66040,35.216992,-114.010529,city
66041,45.671390,-120.835104,exit
66042,41.170688,-79.098535,exit
66043,32.468198,-96.990724,city
66044,28.006067,-82.302700,exit
66045,39.649366,-83.540412,exit
66046,41.747986,-84.995773,exit
66050,41.255794,-81.631123,exit
66051,36.957631,-86.497056,exit
66054,41.099473,-104.850462,exit
66055,42.400127,-92.798835,city
66056,35.982750,-85.013593,exit
66057,42.490985,-88.994012,exit
66059,35.970129,-83.256682,exit
66061,41.031918,-77.518698,exit
66062,43.599767,-96.771105,exit
66065,36.977479,-84.110907,exit
66068,46.495300,-84.345317,city
66069,42.329264,-71.253667,city
66070,40.691974,-75.179006,city
66072,30.507853,-99.774647,exit
66073,37.070892,-88.644477,city
66074,36.763259,-90.413953,city
66075,34.496597,-81.844071,exit
66078,35.816704,-83.143848,exit
66083,33.058169,-89.589364,city
66090,26.163436,-98.193890,city
66091,37.038989,-78.480437,city
66093,43.884207,-92.491106,exit
66099,40.730654,-74.126636,exit
66100,32.871372,-80.009878,exit
66103,35.455431,-114.920426,city
66106,38.293075,-112.651083,exit
66109,30.584122,-92.049039,exit
66110,42.434530,-96.373530,exit
66111,39.823608,-100.530782,city
66113,40.772329,-74.061283,exit
66114,39.759460,-94.821143,city
66115,41.175834,-80.570407,exit
66116,41.786034,-75.684982,exit
66117,40.553414,-76.386016,city
66119,38.729283,-90.125472,city
66120,36.007851,-83.529886,exit
66121,39.614373,-86.073122,exit
66122,39.791608,-88.264545,exit
66123,41.399370,-89.468994,exit
66125,39.956922,-89.553974,exit
66126,32.447309,-93.980779,exit
66131,40.526589,-74.341021,exit
66133,28.157559,-81.800960,exit
66134,30.503100,-87.265665,exit
66135,30.534510,-87.334436,exit
66136,35.066650,-94.610269,city
66137,30.247970,-89.763343,exit
66138,33.207670,-84.061712,exit
66139,38.965550,-78.436403,exit
66141,25.775163,-80.208615,city
66142,27.967876,-82.474586,city
66149,27.967876,-82.474586,city
66152,39.550655,-86.041410,exit
66155,30.452924,-97.668434,exit
66156,30.666016,-96.381049,city
66172,27.606663,-99.494535,exit
66173,29.696736,-97.104896,exit
66174,30.507853,-99.774647,exit
66176,34.992591,-78.132758,exit
66177,35.299542,-79.728924,exit
66178,26.318374,-98.153480,city
66179,39.616242,-119.266114,exit
66182,32.545210,-84.960997,exit
66183,32.359838,-89.475908,city
66184,43.056334,-77.643289,exit
66185,31.454089,-96.078472,exit
66186,27.224410,-98.145191,city
66195,42.384929,-71.633889,city
66196,32.197455,-96.898604,exit
66198,33.606870,-81.844280,exit
66221,42.791673,-88.385318,exit
66223,27.560379,-99.489181,city
66224,42.176230,-88.613777,exit
66225,41.554334,-89.061059,exit
66227,38.313035,-88.951979,exit
66229,35.660117,-81.960855,exit
66230,39.364849,-101.055094,exit
66235,37.843374,-84.327098,exit
66236,40.822060,-97.996873,exit
66237,35.033300,-106.940788,exit
66238,42.899080,-74.567869,city
66239,26.688379,-80.735526,city
66241,41.113043,-98.000335,city
66242,40.439441,-99.377037,city
66243,45.182324,-67.441679,city
66244,28.338168,-98.026298,exit
66247,42.133935,-71.968025,city
66248,43.571203,-70.334170,city
66249,43.034896,-71.098414,city
66250,35.963685,-78.511740,city
66252,44.762061,-68.676851,city
66255,44.393312,-71.198176,city
66257,41.674526,-107.980984,exit
66258,43.613040,-71.642146,exit
66259,31.140030,-97.330426,exit
66261,35.270542,-78.616906,exit
66263,40.456484,-75.821595,city
66266,41.695214,-85.955432,city
66267,41.144108,-87.265807,exit
66272,35.926181,-79.929655,exit
66273,33.993995,-86.089940,exit
66274,41.099095,-114.952499,exit
66278,41.503249,-74.019640,city
66284,44.795009,-73.069225,exit
66285,33.612371,-84.296364,exit
66286,35.906192,-84.144659,exit
66290,44.952767,-90.439585,city
66292,33.689106,-85.188343,exit
66293,34.975880,-85.418297,exit
66294,42.752927,-84.744901,city
66295,42.872913,-87.937216,exit
66299,42.192246,-71.777649,city
66300,35.392485,-89.411541,exit
66301,44.212338,-88.427357,city
66303,44.913348,-89.621478,city
66307,30.726575,-90.508982,city
66310,40.167664,-79.734498,exit
66313,36.759269,-89.538001,exit
66314,41.966555,-83.669468,city
66315,41.658245,-86.894035,exit
66316,35.970680,-83.949270,city
66317,35.721969,-86.320596,exit
66318,37.834719,-92.099176,exit
66319,42.337843,-88.998649,city
66320,43.000695,-83.071449,exit
66322,38.154695,-88.913434,exit
66323,46.876929,-113.896183,exit
66328,32.497216,-82.978913,exit
66329,35.109539,-81.601282,exit
66332,32.417858,-96.659109,exit
66334,37.074001,-88.121817,exit
66337,44.353987,-106.686754,exit
66338,33.169943,-94.998954,exit
66339,25.775163,-80.208615,city
66341,34.067570,-99.033091,city
66342,32.086040,-83.763255,exit
66346,40.047082,-86.812122,exit
66348,34.929552,-91.108195,exit
66349,34.723218,-92.356264,city
66352,44.023168,-88.562260,city
66353,37.709661,-89.891900,exit
66355,35.137235,-82.104749,exit
66357,41.345599,-88.986337,city
66361,34.216925,-90.543195,city
66362,34.231884,-79.796996,exit
66363,37.393355,-97.279242,city
66364,28.015675,-82.116768,city
66365,40.430883,-74.871795,city
66368,42.967304,-76.851929,exit
66369,39.879552,-86.472452,exit
66370,35.731503,-77.930722,city
66371,31.362080,-92.587312,exit
66372,31.030079,-97.475199,exit
66374,31.612364,-94.652046,city
66376,35.819755,-90.679033,city
66377,32.627572,-97.321590,exit
66382,40.573459,-93.939242,exit
66383,31.943709,-94.245706,city
66385,32.571089,-93.204381,exit
66386,36.761517,-79.986551,city
66388,32.191762,-83.747841,exit
66392,33.218982,-92.664071,city
66393,40.126826,-87.778195,exit
66396,30.936732,-90.524391,exit
66399,33.548315,-86.778781,exit
66400,33.624276,-114.434258,exit
66404,32.882293,-96.694401,exit
66405,43.450592,-83.890835,exit
66406,36.605461,-77.564154,exit
66407,34.457240,-85.689474,city
66410,34.669946,-87.327892,city
66416,36.389448,-76.934729,city
66420,47.191553,-114.890522,exit
66422,30.283156,-91.243812,city
66424,33.462716,-112.161999,exit
66425,30.449430,-88.933828,exit
66428,34.510410,-92.209517,city
66437,36.109112,-83.336155,exit
66439,39.440677,-89.652540,city
66440,41.837045,-87.684939,city
66447,41.099977,-88.421963,city
66448,30.502306,-90.503631,exit
66449,35.928946,-89.874402,exit
66451,43.183366,-84.708889,city
66454,30.072962,-90.555022,city
66456,30.018643,-90.850881,city
66460,30.137444,-91.955830,city
66461,33.413334,-102.155102,city
66465,38.391647,-89.370824,exit
66470,32.488374,-86.408976,exit
66472,31.083868,-87.534614,exit
66474,43.112269,-76.268544,exit
66475,32.684859,-115.494738,city
66478,39.036209,-95.579538,city
66480,37.201564,-85.937566,exit
66487,41.793415,-87.819444,exit
66488,40.248464,-88.641655,city
66495,30.215880,-93.358564,exit
66496,30.618942,-86.962841,exit
66502,30.246656,-92.663853,exit
66504,29.839693,-94.635844,exit
66507,45.887172,-84.731698,city
66508,41.664071,-83.581861,city
66509,40.698965,-84.089413,exit
66512,42.003361,-83.316154,exit
66513,44.245061,-84.226373,exit
66514,30.991686,-83.387869,exit
66516,31.136028,-83.438938,exit
66517,46.462351,-84.383390,exit
66518,30.850126,-83.278833,city
66523,31.416354,-83.505299,exit
66525,41.804506,-83.443305,city
66527,40.268655,-103.621408,exit
66528,39.261319,-81.543360,city
66529,36.121624,-80.813746,exit
66531,40.486367,-76.244506,exit
66532,40.638331,-74.889633,exit
66534,38.935716,-92.777012,exit
66537,41.430425,-90.157572,exit
66538,41.440765,-95.612169,exit
66539,41.303585,-82.979425,city
66547,39.257030,-78.101111,exit
66548,33.561901,-101.888883,city
66550,45.917612,-119.331979,city
66552,43.546360,-116.810422,city
66553,44.782595,-117.810746,exit
66556,36.725662,-78.128886,city
66560,34.527313,-82.843032,exit
66562,34.506102,-82.963989,exit
66564,35.990803,-79.992713,city
66565,42.122023,-79.239752,exit
66571,42.445222,-71.230015,city
66573,37.795694,-97.328253,exit
66579,42.306836,-73.250736,city
66582,38.948489,-112.350356,exit
66584,36.503149,-114.759855,exit
66586,42.891607,-75.380220,city
66588,43.691722,-98.046638,exit
66594,32.533799,-82.929633,city
66595,42.133935,-71.968025,city
66597,32.400897,-82.307323,exit
66598,36.992089,-95.621838,city
66601,40.553526,-85.550848,exit
66603,43.608664,-96.571682,exit
66604,41.610876,-86.714837,city
66606,43.171116,-72.463079,exit
66607,42.916673,-71.371775,exit
66608,45.667036,-94.811599,exit
66612,44.387818,-91.004230,exit
66613,30.176435,-93.587312,exit
66614,42.335571,-83.129318,exit
66615,43.047848,-88.208527,exit
66618,33.940848,-80.395543,city
66620,37.760417,-77.472414,city
66622,40.752641,-74.104965,exit
66624,39.982875,-75.099096,exit
66625,44.099038,-69.809567,city
66628,32.273632,-81.080116,exit
66631,42.782920,-85.137538,city
66632,34.290100,-83.829106,city
66635,37.815647,-90.498344,city
66637,30.394346,-98.361174,city
66640,32.944950,-87.172086,city
66643,36.090461,-89.795065,exit
66645,32.468190,-99.985673,exit
66648,33.426814,-86.955645,exit
66649,34.891944,-94.607705,city
66659,38.737092,-86.475220,city
66664,42.245028,-91.891074,exit
66667,41.919778,-89.062264,city
66668,28.472265,-81.322452,city
66669,30.335914,-81.661762,city
66670,35.394608,-78.815743,city
66671,34.644620,-86.048155,city
66673,34.688740,-86.675075,city
66676,35.533182,-98.237630,exit
66678,35.504913,-108.831598,exit
66680,32.431438,-91.419127,exit
66683,34.495233,-91.548638,city
66689,32.430673,-100.555264,exit
66693,35.112117,-103.330616,exit
66705,33.920455,-98.509919,exit
66709,34.975880,-85.418297,exit
66715,40.161228,-104.979171,exit
66717,42.073302,-104.967703,exit
66718,40.656937,-89.644208,exit
66720,35.324302,-82.456282,city
66721,30.416178,-92.055253,exit
66725,38.224692,-85.741067,city
66728,36.959807,-81.062119,exit
66734,33.633541,-84.304272,exit
66737,39.562552,-95.136611,city
66738,39.525205,-94.772588,city
66739,44.302416,-96.785336,city
66741,40.376068,-74.557923,city
66742,39.685238,-75.478766,exit
66746,34.620021,-92.495642,exit
66747,42.456557,-88.994959,exit
66749,29.975174,-90.319694,exit
66750,37.820429,-96.862979,city
66751,38.402352,-96.194581,city
66756,41.024445,-93.794276,exit
66760,33.459394,-80.731431,exit
66761,33.834533,-79.049173,city
66762,32.325067,-96.633799,city
66763,34.963829,-80.074694,city
66765,26.027634,-97.539986,city
66767,34.286291,-88.678353,exit
66769,30.793207,-81.659467,exit
66771,26.324305,-98.146203,exit
66773,32.730479,-103.161383,city
66774,41.591659,-84.049601,exit
66775,39.586228,-82.526229,city
66776,41.050332,-83.401869,city
66778,35.756881,-96.666639,exit
66780,31.418790,-87.006265,exit
66784,32.416983,-87.035702,city
66785,33.934717,-87.791310,city
66786,34.804081,-91.888052,exit
66787,31.358290,-89.345136,exit
66788,35.598868,-84.516250,exit
66793,32.894313,-79.990460,exit
66795,43.665308,-97.588450,exit
66796,38.725150,-75.602811,city
66799,30.448782,-82.933120,exit
66800,29.459775,-98.524263,city
66801,30.517864,-83.058193,exit
66802,27.472938,-81.446841,city
66803,26.163436,-98.193890,city
66804,41.609005,-109.225917,exit
66805,34.913524,-85.120643,city
66807,32.864188,-96.893571,exit
66809,41.177222,-91.188991,city
66810,41.958011,-87.943825,city
66812,40.765880,-87.119723,exit
66813,40.480519,-85.549051,exit
66815,36.614202,-88.322075,city
66816,44.594248,-69.615384,exit
66817,33.906654,-98.525848,city
66819,41.820558,-89.466501,exit
66820,30.295087,-91.916138,exit
66821,38.879421,-75.824452,city
66822,34.361170,-88.838744,city
66824,31.441078,-100.450499,city
66833,26.163436,-98.193890,city
66834,40.911168,-89.056647,exit
66838,40.719360,-77.589990,city
66843,31.661748,-106.242183,exit
66844,27.509201,-97.861028,city
66845,31.233698,-85.406823,city
66846,33.292558,-86.340864,city
66847,33.605126,-85.831259,exit
66848,34.619430,-89.951044,exit
66850,27.299534,-97.798090,city
66853,27.509201,-97.861028,city
66854,40.560887,-84.169978,exit
66856,45.367975,-93.973498,exit
66858,33.279607,-111.966344,exit
66862,36.137666,-85.628487,exit
66863,35.754581,-88.513479,exit
66865,33.906654,-98.525848,city
66867,42.060530,-90.663862,city
66868,26.204060,-98.325221,city
66869,36.578174,-79.858290,city
66870,41.397969,-84.124984,city
66874,33.561901,-101.888883,city
66876,37.240706,-87.464606,city
66877,46.771800,-114.108356,city
66878,45.814739,-108.414745,exit
66879,35.219332,-92.830009,exit
66880,41.024310,-76.318392,exit
66881,38.023124,-97.944967,city
66888,42.568811,-113.731701,exit
66890,36.608415,-83.716582,city
66892,42.282433,-84.931176,exit
66893,33.557007,-97.846164,city
66894,35.742643,-95.356864,city
66895,36.670501,-97.315010,city
66897,32.195636,-86.417344,exit
66898,37.311604,-77.397954,exit
66899,34.997558,-80.976549,exit
66900,34.053934,-86.866511,exit
66902,43.284261,-71.824059,city
66905,43.033728,-71.174579,city
66906,32.624171,-96.695357,exit
66908,36.937337,-80.993461,exit
66911,32.413524,-88.505840,exit
66912,37.728333,-113.052525,exit
66914,35.578890,-78.146399,exit
66915,36.950454,-80.881022,exit
66918,41.028233,-89.056391,exit
66920,35.241350,-80.939157,exit
66921,31.960091,-81.329004,exit
66922,31.818754,-102.381634,exit
66923,34.228786,-83.501765,exit
66925,34.857511,-81.008582,exit
66927,38.088319,-83.899664,exit
66928,27.690277,-99.459813,exit
66929,38.582494,-90.107644,exit
66931,42.170780,-91.779547,exit
66932,40.914233,-90.643075,city
66935,44.200532,-87.720911,city
66937,37.979201,-91.718900,exit
66939,44.429327,-88.080370,city
66941,33.045981,-96.174556,exit
66942,41.486738,-112.053468,exit
66944,29.338044,-81.131073,exit
66945,37.504316,-77.085210,exit
66948,43.063823,-76.069789,city
66951,31.115378,-99.345935,city
66953,38.490625,-85.771594,exit
66954,35.080410,-89.954643,exit
66955,32.688955,-114.580983,exit
66956,37.002969,-88.324770,exit
66957,35.642664,-86.893715,exit
66959,32.349089,-88.726225,exit
66961,28.084486,-81.971416,exit
66962,39.584462,-85.822897,exit
66963,43.941120,-90.763781,exit
66964,40.830669,-83.270709,city
66965,33.325821,-83.388862,city
66966,39.619478,-83.607925,exit
66968,40.396301,-91.575443,city
66972,47.591869,-117.564698,exit
66987,33.511368,-82.502385,exit
66993,41.348770,-86.319336,city
66994,41.397969,-84.124984,city
66995,42.378402,-77.362292,exit
66997,32.580487,-93.247940,exit
67008,38.732321,-89.912601,exit
67009,43.146358,-93.355863,exit
67030,43.659163,-93.320569,exit
67034,41.172258,-83.649568,exit
67037,40.997452,-81.996484,exit
67038,31.578117,-84.176224,city
67039,38.548663,-90.427006,exit
67040,31.233698,-85.406823,city
67041,44.601752,-69.598708,exit
67044,33.630909,-113.767004,exit
67047,43.691897,-98.012408,exit
67051,38.484992,-90.756038,exit
67053,27.690277,-99.459813,exit
67054,40.765389,-111.946784,exit
67055,42.648236,-112.189394,city
67056,47.663163,-96.016683,city
67057,42.489636,-73.678005,exit
67058,39.910424,-88.889450,exit
67060,47.040604,-122.895000,city
67063,29.673518,-98.155659,exit
67064,35.529156,-98.350697,exit
67065,32.444214,-93.949997,exit
67066,41.682576,-93.000158,exit
67067,40.074736,-104.646011,exit
67069,39.273338,-103.707226,exit
67070,36.172178,-86.784602,city
67071,38.766119,-90.123985,exit
67073,40.960671,-80.135611,exit
67075,30.726575,-90.508982,city
67076,30.474329,-90.959027,city
67077,30.137444,-91.955830,city
67078,30.474329,-90.959027,city
67081,33.160004,-84.869342,exit
67082,39.627945,-77.774762,exit
67085,41.104044,-74.167948,exit
67086,34.692383,-77.140812,city
67087,34.441003,-77.874344,exit
67088,34.239017,-81.460916,exit
67090,33.930829,-96.429060,city
67091,34.980420,-79.229541,city
67092,35.858599,-76.748148,city
67094,35.702596,-79.804120,city
67095,35.513432,-77.097692,city
67096,35.081647,-78.973159,city
67097,35.275099,-77.593368,city
67101,35.249167,-80.530075,city
67103,35.846539,-77.066078,city
67106,37.192459,-77.327902,exit
67107,33.834533,-79.049173,city
67108,33.938505,-78.733074,city
67109,36.697157,-76.634781,city
67113,43.336805,-89.029988,city
67114,41.101654,-87.863690,city
67115,35.049433,-85.630994,exit
67117,40.119890,-86.028430,city
67118,39.708646,-91.399521,city
67119,37.086473,-84.605350,city
67120,30.413095,-83.304143,city
67121,42.382741,-75.184049,exit
67122,35.492702,-94.212097,city
67125,41.175617,-80.571655,exit
67126,35.679236,-88.780040,exit
67127,34.367811,-86.891629,exit
67129,39.363657,-101.036868,exit
67130,41.456634,-88.195943,exit
67133,41.099095,-114.952499,exit
67137,40.931110,-117.799816,exit
67138,37.195337,-93.292363,city
67139,38.691098,-84.939601,exit
67140,42.310593,-93.569504,exit
67141,41.695851,-92.727592,exit
67143,41.088193,-85.142791,city
67149,44.038651,-89.531148,city
67150,42.025725,-93.622491,city
67151,41.518945,-93.103739,city
67155,38.969874,-89.132917,exit
67158,39.566618,-119.486885,exit
67160,38.759339,-81.692317,exit
67162,41.695580,-92.354090,exit
67163,40.515753,-76.110853,exit
67164,39.252713,-112.114525,exit
67165,40.021214,-79.083332,exit
67166,39.802585,-82.706178,city
67167,44.049638,-116.977637,exit
67168,38.949805,-99.560005,exit
67169,33.493596,-80.866880,city
67170,30.395614,-83.356101,exit
67174,43.062245,-92.671492,city
67175,43.371746,-92.116287,city
67178,42.668220,-92.333942,city
67182,43.181104,-91.867965,city
67185,44.455645,-93.170311,city
67186,43.644789,-94.464015,city
67192,44.014299,-92.478592,city
67193,43.813437,-91.753828,city
67195,43.643087,-94.101830,city
67196,43.988310,-92.232124,city
67200,44.753615,-90.298465,city
67202,44.327131,-91.299402,city
67204,45.125235,-92.548100,city
67206,44.934653,-91.389165,city
67207,43.189405,-88.728910,city
67208,43.339577,-90.383430,city
67209,45.180635,-89.700339,city
67211,43.843560,-88.837936,city
67219,45.460974,-91.097573,city
67220,42.991265,-89.539247,city
67221,43.990277,-88.582627,exit
67223,45.485560,-91.743701,city
67226,43.890002,-91.204190,city
67229,44.335766,-88.636599,city
67230,43.825075,-91.224570,city
67233,44.173510,-88.067823,city
67234,43.653477,-90.224242,city
67235,30.810264,-97.615122,city
67237,32.619146,-93.272754,city
67239,32.466879,-93.792193,city
67241,32.246949,-93.686859,city
67242,36.280510,-80.821568,exit
67243,34.729581,-114.316421,exit
67245,33.834533,-79.049173,city
67246,34.729759,-77.394000,city
67247,42.742648,-71.178643,city
67248,35.722710,-78.585090,exit
67255,31.189595,-90.484145,exit
67262,33.591650,-86.161929,exit
67264,45.144593,-67.526972,city
67265,45.359686,-68.502152,city
67269,41.230552,-75.497612,exit
67271,44.619780,-93.764595,city
67272,48.371476,-114.191834,city
67273,34.293399,-81.546182,exit
67274,42.485339,-91.456086,city
67275,44.581265,-92.605011,city
67279,39.453288,-85.629478,exit
67281,31.721916,-82.197823,city
67282,39.910574,-77.647185,exit
67283,36.178982,-85.947333,exit
67284,41.105207,-100.725391,exit
67285,42.673769,-93.455815,exit
67292,33.933454,-86.193950,exit
67293,43.561568,-88.914752,city
67294,44.981591,-73.456865,exit
67296,36.380798,-114.891734,exit
67297,32.514753,-98.368009,exit
67298,39.896056,-83.432525,city
67302,43.665574,-94.729654,exit
67303,42.667674,-96.665118,exit
67304,43.401476,-95.743031,city
67305,32.447309,-93.980779,exit
67306,37.817665,-85.455345,city
67307,43.031222,-83.361726,exit
67308,30.052877,-89.934502,city
67311,46.774458,-92.134135,city
67312,37.240240,-89.566951,exit
67313,31.188735,-94.780741,city
67316,36.731336,-102.509522,city
67321,34.350797,-89.913956,exit
67322,34.270604,-88.732455,city
67323,41.213669,-98.459446,city
67325,31.418790,-87.006265,exit
67329,34.506102,-82.963989,exit
67331,33.279091,-87.095997,exit
67333,41.280958,-74.730511,city
67334,44.462020,-89.537971,city
67335,35.489367,-86.073580,exit
67336,28.524430,-98.183385,exit
67337,42.872913,-87.937216,exit
67338,36.406702,-97.869861,city
67340,40.080669,-86.908338,exit
67341,42.108825,-91.275205,city
67342,37.232790,-80.237982,exit
67343,45.059392,-87.749483,city
67344,34.053934,-86.866511,exit
67345,33.933454,-86.193950,exit
67348,41.916909,-80.568685,exit
67350,44.429327,-88.080370,city
67356,42.120284,-72.609049,exit
67357,46.832412,-96.840170,exit
67358,44.860850,-92.625708,city
67359,43.152885,-112.388736,exit
67360,31.396568,-81.448601,exit
67361,47.232355,-122.237776,city
67362,35.172636,-103.103193,exit
67364,43.047848,-88.208527,exit
67365,44.097981,-87.678945,city
67366,42.951597,-88.110376,exit
67367,43.560622,-90.886155,city
67368,43.525222,-89.489350,exit
67369,42.614910,-87.952281,exit
67371,33.831333,-93.395109,exit
67380,40.738829,-114.039627,exit
67381,33.251810,-80.816015,city
67382,43.841305,-103.189477,city
67383,41.455885,-82.714436,city
67391,40.817432,-96.786617,exit
67393,33.433523,-112.591041,exit
67394,31.211006,-82.357658,city
67395,41.644956,-91.111262,exit
67396,41.905503,-90.595614,city
67397,41.376453,-88.778307,exit
67398,38.140018,-93.726769,city
67400,40.740679,-84.112091,city
67401,32.624171,-96.695357,exit
67402,43.419909,-103.468540,city
67404,41.965123,-92.573799,city
67405,41.157644,-104.349737,exit
67406,40.370255,-78.435644,exit
67408,42.352509,-90.001933,city
67409,42.132049,-71.750322,city
67410,28.525843,-99.859255,city
67411,38.339948,-104.619222,exit
67414,45.859623,-95.428767,exit
67416,41.419361,-91.067286,city
67417,33.572154,-112.090132,city
67418,41.483235,-91.572195,city
67419,34.118906,-84.737690,exit
67420,35.989093,-87.488335,exit
67421,30.877062,-96.595217,city
67422,41.694019,-91.665242,exit
67423,35.377678,-97.054003,exit
67424,26.087226,-80.207498,exit
67425,35.312539,-91.571253,city
67426,37.848067,-99.754714,city
67427,36.916934,-89.333912,city
67428,40.595791,-74.233933,exit
67431,42.070359,-94.864643,city
67432,28.112817,-81.616537,city
67434,39.753611,-94.219809,exit
67435,39.677649,-75.757479,city
67436,40.059979,-77.479693,exit
67437,43.056895,-71.340635,city
67438,29.268218,-82.193565,exit
67439,33.078895,-97.493199,city
67440,39.537555,-79.991883,exit
67442,35.548154,-84.566094,exit
67443,35.231626,-85.826441,exit
67612,46.952224,-114.132716,exit
67613,42.519070,-92.454009,city
67614,44.038326,-92.640781,city
67615,44.445705,-92.280925,city
67616,44.279795,-88.388303,city
67617,36.348414,-86.931446,exit
67618,41.588977,-84.430295,city
67619,41.588977,-84.430295,city
67620,34.705929,-97.244809,exit
67621,47.472588,-111.360533,exit
67622,46.605575,-122.907364,exit
67623,47.708509,-117.001825,exit
67624,39.738232,-104.433345,exit
67625,30.753582,-85.378313,exit
67626,44.885358,-94.376876,city
67627,28.867708,-82.091489,exit
67628,41.144108,-87.265807,exit
67629,45.217945,-93.595656,exit
67630,44.030188,-88.161667,city
67634,37.588574,-99.475560,city
67635,41.536516,-83.462872,exit
67636,38.575368,-95.268490,exit
67637,40.847017,-73.997061,city
67641,36.719629,-82.795967,city
67642,39.270009,-81.055655,city
67643,36.238759,-80.817604,exit
67644,32.123537,-81.485667,city
67645,29.678887,-82.346212,city
67647,40.366242,-80.656883,city
67650,39.952942,-90.210446,city
67651,36.932839,-90.747672,city
67652,39.046273,-94.789579,exit
67655,30.221400,-89.783912,exit
67656,44.350048,-89.070003,city
67657,44.295165,-92.672870,city
67658,42.798186,-76.110237,city
67664,32.462178,-97.533084,city
67665,39.910228,-95.792832,city
67666,35.591835,-97.434718,exit
67668,29.794874,-90.814578,city
67669,33.626195,-116.130834,city
67676,34.261536,-92.104356,exit
67677,30.666016,-96.381049,city
67678,41.518965,-83.363624,city
67682,39.464698,-98.108340,city
67683,40.843663,-99.985965,exit
67684,42.187967,-93.570661,exit
67685,41.890534,-91.670968,exit
67686,38.140217,-97.426721,city
67690,31.680693,-96.483203,city
67695,38.182913,-83.557107,exit
67697,34.068784,-79.951299,exit
67698,46.184324,-103.402946,city
67699,32.563344,-92.909585,exit
67701,46.874107,-97.210334,exit
67702,28.208307,-82.445842,city
67703,27.979419,-82.771256,city
67705,40.450392,-74.479416,city
67706,40.666367,-74.193503,city
67707,40.637974,-74.207936,exit
67711,29.578637,-90.707901,city
67712,44.311732,-96.758556,exit
67715,35.389653,-99.402589,exit
67716,44.555770,-94.213222,city
67718,31.105348,-85.691225,city
67720,34.194486,-80.280357,exit
67721,42.349077,-88.841758,city
67723,31.506114,-82.854335,city
67724,37.272499,-93.114050,exit
67726,35.592490,-77.372739,city
67727,35.592490,-77.372739,city
67728,35.303069,-77.156707,city
67729,35.968514,-77.808294,city
67732,41.837747,-96.706238,city
67734,41.602320,-98.918999,city
67735,35.844726,-97.939308,city
67736,31.519750,-106.131403,exit
67738,31.580567,-90.443386,city
67739,27.956203,-97.938553,city
67742,31.984995,-102.035740,exit
67743,33.159775,-99.732032,city
67744,26.296308,-97.926912,city
67745,26.219746,-98.351655,exit
67746,26.204060,-98.325221,city
67747,31.115378,-99.345935,city
67748,31.880461,-102.345314,city
67749,31.964995,-102.105584,exit
67750,25.989404,-97.480625,city
67753,27.324984,-98.685665,city
67754,36.221459,-79.976983,city
67755,32.879000,-79.931446,exit
67757,32.395717,-88.579934,exit
67758,38.594531,-83.323614,city
67762,34.435452,-100.282382,city
67763,34.953977,-89.525599,city
67764,34.964012,-97.944707,city
67766,37.385171,-79.725502,city
67768,37.930668,-86.902816,city
67771,36.114886,-77.179554,city
67772,31.605295,-90.465783,exit
67774,40.627337,-74.236310,city
67777,30.410063,-81.657342,exit
67779,40.251591,-103.783201,city
67782,35.570055,-82.958798,exit
67783,40.023875,-76.531207,city
67784,40.295109,-90.057810,city
67787,31.909420,-102.219277,exit
67789,41.551464,-112.125015,city
67791,36.507313,-82.431849,exit
67792,42.461533,-98.646955,city
67793,41.044601,-93.788377,exit
67794,39.713863,-89.643836,exit
67795,41.376453,-88.778307,exit
67797,32.025834,-93.340597,city
67798,31.451615,-85.645035,city
67801,39.294885,-84.467218,exit
67804,31.291534,-85.711711,city
67806,31.580567,-90.443386,city
67811,32.672226,-97.027343,city
67813,40.338678,-88.765101,exit
67815,39.613544,-86.479801,exit
67818,34.659185,-92.402712,exit
67819,43.147025,-95.152691,city
67820,34.017672,-78.267499,city
67821,38.559520,-83.576026,city
67822,34.853490,-82.383224,exit
67823,35.678258,-90.552745,exit
67824,31.801960,-85.967130,city
67826,44.321808,-96.922201,city
67827,32.088762,-84.662001,city
67829,43.170486,-89.062647,city
67832,34.270604,-88.732455,city
67833,37.334013,-95.264998,city
67835,36.094850,-79.823624,city
67837,30.074520,-97.851239,city
67839,26.108943,-98.246160,city
67841,35.493776,-79.176464,city
67842,43.973292,-75.910039,city
67844,39.012443,-75.576357,city
67846,45.413734,-87.609107,city
67847,42.485339,-91.456086,city
67848,32.980047,-86.688215,exit
67849,36.106237,-91.107480,city
67850,37.931708,-79.229198,exit
67854,34.779500,-84.786518,city
67855,38.011128,-84.208577,exit
67859,27.224410,-98.145191,city
67860,34.077361,-89.893446,exit
67861,41.017447,-93.309629,city
67862,39.853433,-85.415829,exit
67865,25.922238,-80.210381,exit
67866,32.580487,-93.247940,exit
67868,30.700223,-95.554711,city
67871,40.451670,-109.538086,city
67872,34.005061,-88.747692,city
67874,40.206031,-76.874319,exit
67875,35.072433,-91.901059,city
67876,36.131496,-97.074464,city
67877,35.934938,-86.532298,exit
67879,30.084912,-94.145330,city
67883,29.700548,-91.235184,city
67884,36.815993,-107.970266,city
67886,39.309989,-108.204999,city
67887,30.010227,-90.254820,city
67890,36.845458,-94.376438,city
67892,35.366338,-90.279690,exit
67894,28.717206,-81.903089,city
67897,31.853913,-103.092387,city
67900,33.428596,-81.890318,city
67906,38.063122,-94.692512,city
67908,37.962742,-104.794810,exit
67910,39.727704,-75.469035,city
67917,30.896885,-102.918804,exit
67918,40.927326,-75.088914,exit
67922,32.590386,-93.336577,exit
67923,42.103949,-89.022884,exit
67924,43.643559,-95.933085,exit
67925,30.440443,-91.133166,city
67927,44.909188,-97.155685,city
67929,28.015675,-82.116768,city
67930,30.239608,-85.530139,city
67931,31.544973,-82.473629,city
67932,33.508208,-88.407128,city
67933,28.614049,-82.045042,city
67934,30.829640,-90.669859,city
67935,30.570000,-87.031315,exit
67938,41.679924,-112.141241,exit
67939,41.024310,-76.318392,exit
67940,40.488120,-78.726541,city
67941,35.476749,-95.307052,exit
67943,39.981915,-86.396417,exit
67949,34.674656,-82.536875,exit
67952,26.937521,-82.018141,exit
67957,25.869941,-80.302865,city
67965,31.203721,-87.311219,exit
67968,33.492068,-84.914300,city
67974,30.217233,-93.325074,exit
67976,44.953037,-88.047325,city
67977,42.232635,-96.242741,exit
67994,31.335094,-83.044003,city
67997,32.659589,-83.744254,exit
68002,40.122511,-102.715636,city
68005,41.550102,-73.035765,exit
68007,36.319645,-91.481503,city
68008,35.257326,-91.197276,city
68012,38.807432,-75.589944,city
68016,33.462716,-112.161999,exit
68017,34.592172,-112.446649,city
68019,25.775163,-80.208615,city
68020,30.258858,-82.122942,exit
68026,41.118304,-87.835648,exit
68029,34.913524,-85.120643,city
68030,33.453856,-81.931304,exit
68031,41.720778,-88.361910,city
68033,33.402865,-82.007661,exit
68036,42.513825,-71.041290,exit
68040,41.695214,-85.955432,city
68043,39.339140,-76.428764,city
68048,42.822401,-95.806842,city
68052,42.311842,-95.254378,city
68053,43.489616,-112.035340,city
68055,41.708776,-86.866875,city
68062,47.158009,-100.783967,city
68065,37.577342,-101.354864,city
68067,40.921352,-98.358559,city
68068,41.983115,-98.082773,city
68070,31.141120,-93.284230,city
68072,42.807830,-85.726663,city
68073,42.825975,-103.002478,city
68076,30.242847,-92.631496,exit
68079,41.795231,-85.650404,city
68080,30.951419,-92.275624,exit
68081,29.682154,-90.555900,city
68091,42.993501,-71.363966,city
68093,41.898780,-84.044829,city
68095,42.815315,-83.569283,exit
68100,43.021211,-85.668527,exit
68102,40.827492,-74.061626,city
68107,45.847455,-92.975634,exit
68110,41.284140,-82.029968,city
68112,44.848025,-93.153074,exit
68113,41.619253,-83.708216,city
68114,40.078824,-74.852483,city
68116,45.011397,-93.193975,exit
68122,48.844462,-95.762434,city
68124,40.973373,-81.784583,city
68129,39.707093,-94.788399,exit
68133,37.075218,-94.501259,city
68140,36.885041,-104.431043,exit
68147,34.492286,-89.021720,city
68148,30.419487,-89.069022,city
68151,37.114961,-93.075040,city
68154,41.076663,-87.868811,exit
68155,40.956631,-77.772709,exit
68156,39.995452,-75.084610,exit
68157,40.207644,-74.780269,city
68158,40.557001,-75.998071,exit
68161,41.679525,-77.068951,city
68165,39.473699,-118.777896,city
68167,43.013147,-76.698035,city
68169,39.549097,-119.849907,city
68174,42.227575,-75.918253,city
68177,41.024310,-76.318392,exit
68178,32.266128,-90.134227,exit
68179,33.896180,-89.003679,city
68180,40.943155,-76.025047,exit
68185,41.126731,-76.309451,city
68188,41.821330,-75.680812,exit
68189,35.494965,-85.008643,city
68191,40.598401,-78.313749,exit
68196,36.462502,-83.567034,city
68211,35.192617,-101.778870,exit
68212,35.009343,-82.028115,exit
68213,33.045981,-96.174556,exit
68215,29.875548,-94.337252,exit
68217,33.834533,-79.049173,city
68225,35.909678,-100.383892,city
68227,36.771888,-76.367029,exit
68234,36.945811,-80.948625,exit
68235,44.953072,-72.150967,exit
68236,28.666797,-99.182936,exit
68243,47.240151,-122.403263,exit
68245,26.246514,-97.726766,city
68253,31.574964,-102.892239,exit
68256,33.474384,-94.290564,exit
68257,41.117257,-88.414333,exit
68258,26.160549,-97.987654,city
68260,32.414877,-97.227541,exit
68261,29.725365,-99.763068,city
68266,40.751399,-88.006523,exit
68268,33.433523,-112.591041,exit
68270,37.562912,-90.303605,city
68271,34.444048,-77.890907,city
68273,33.075001,-106.017299,city
68274,31.308039,-96.893180,city
68276,43.056219,-92.314725,city
68277,36.242592,-93.117650,city
68279,43.594175,-73.280372,city
68282,31.309436,-86.478031,city
68290,33.798428,-83.721862,city
68292,32.074223,-84.222599,city
68294,40.921812,-90.296031,exit
68298,41.569884,-87.404259,exit
68301,29.560195,-98.032453,exit
68302,33.197195,-80.604507,exit
68303,45.135634,-90.342467,city
68306,44.272580,-105.498936,city
68307,43.639058,-96.213106,exit
68308,43.086506,-88.764386,exit
68311,34.414860,-78.911375,city
68314,30.663377,-97.905506,city
68315,35.383644,-96.671281,exit
68316,34.892501,-85.074611,exit
68318,30.447495,-91.244028,exit
68319,44.731781,-92.853284,city
68321,29.057906,-99.005800,city
68323,29.496497,-98.198435,exit
68328,36.695413,-97.345846,exit
68330,47.084595,-119.861468,exit
68332,35.351028,-81.754419,city
68333,38.924057,-79.854272,city
68335,35.152523,-84.947291,exit
68337,41.472687,-87.318070,city
68339,29.981706,-98.907800,exit
68343,35.409137,-99.381673,exit
68347,38.672378,-90.203928,exit
68348,35.026923,-81.874883,exit
68349,42.781514,-96.173311,city
68350,31.965579,-94.048368,city
68354,36.932839,-90.747672,city
68359,33.851110,-87.268348,city
68360,39.907801,-75.149788,exit
68361,36.294203,-76.238144,city
68362,39.911433,-77.565100,city
68364,44.795009,-73.069225,exit
68365,34.178544,-82.377687,city
68366,36.839518,-86.895579,city
68367,31.988829,-106.582784,exit
68368,40.897000,-97.461747,city
68369,35.501957,-93.848396,city
68370,41.827440,-71.519879,city
68372,40.465267,-86.127348,city
68375,38.482706,-78.810180,exit
68377,33.606870,-81.844280,exit
68378,42.979266,-82.541314,exit
68381,43.193425,-112.346518,city
68382,33.981943,-83.901092,city
68383,40.129921,-91.527015,city
68386,44.622120,-88.751714,city
68389,43.743303,-87.965664,city
68394,41.229271,-112.012513,exit
68396,35.199903,-101.830194,city
68403,39.867666,-76.698881,exit
68405,31.454089,-96.078472,exit
68406,36.057513,-102.512290,city
68411,36.351776,-96.800818,city
68416,32.733338,-101.953773,city
68417,32.459978,-94.667913,exit
68419,29.056809,-99.007803,exit
68420,39.693022,-92.039652,city
68421,28.307445,-97.274981,city
68423,40.178851,-118.471026,exit
68424,32.609752,-98.109859,exit
68428,29.215184,-99.777215,city
68432,36.566226,-87.345893,city
68434,34.397072,-92.827299,exit
68440,35.189331,-90.012707,exit
68441,34.521487,-82.643517,city
68444,40.117217,-74.777844,city
68446,37.577342,-101.354864,city
68447,37.889214,-87.053362,city
68451,43.449899,-92.284064,city
68453,31.770686,-84.793575,city
68458,43.055269,-85.954807,exit
68462,29.578637,-90.707901,city
68463,30.005493,-91.820307,city
68465,30.448782,-82.933120,exit
68466,42.674374,-88.271287,city
68468,30.538686,-88.187573,city
68469,35.091590,-92.422664,exit
68471,26.920473,-80.119372,city
68476,31.083868,-87.534614,exit
68480,36.191438,-94.155062,city
68493,30.475555,-83.889795,exit
68494,36.750634,-78.094408,exit
68497,42.912815,-112.466624,exit
68499,44.171161,-112.228278,city
68506,40.781106,-76.345046,city
68511,32.125798,-106.639265,exit
68512,33.540676,-84.676611,city
68518,32.886187,-83.333588,city
68520,39.478674,-75.137962,city
68522,40.630762,-89.612123,exit
68524,34.209225,-77.885767,city
68531,42.228636,-91.867024,exit
68533,38.665617,-88.473844,city
68534,36.976832,-86.433661,city
68535,43.041618,-91.135408,city
68541,36.284134,-76.990110,city
68542,42.892492,-78.859686,city
68549,44.835801,-108.391889,city
68552,37.339333,-87.503733,city
68556,30.065647,-90.633793,city
68559,40.265298,-94.012780,exit
68562,29.445868,-90.307654,city
68572,30.005493,-91.820307,city
68574,40.666367,-74.193503,city
68581,46.345850,-120.177646,exit
68588,42.605250,-72.292176,city
68592,33.523303,-81.956566,city
68593,32.609752,-98.109859,exit
68594,32.828017,-79.972896,city
68595,30.443835,-91.207410,city
68596,36.597444,-91.645953,city
68598,31.911639,-94.682767,city
68602,36.127276,-77.795106,exit
68606,35.307549,-80.645617,city
68613,40.057043,-76.551723,city
68618,42.573280,-90.234740,city
68621,36.673742,-80.710097,exit
68622,38.703490,-80.662759,exit
68623,41.063349,-84.989972,exit
68624,30.442162,-88.528470,exit
68625,44.958905,-92.560532,exit
68626,41.380507,-89.464129,city
68630,37.075218,-94.501259,city
68642,35.351028,-81.754419,city
68643,35.125164,-78.752091,exit
68644,48.236141,-101.277578,city
68650,39.181780,-84.484720,exit
68653,43.794319,-87.764296,exit
68656,48.189496,-103.649117,city
68659,44.014299,-92.478592,city
68663,48.189496,-103.649117,city
68665,44.223782,-103.377515,exit
68671,40.633554,-97.584954,city
68672,41.990379,-70.975043,city
68674,30.354174,-97.392149,city
68684,29.728672,-90.835398,city
68685,39.134654,-94.567813,exit
68689,30.247721,-92.740475,exit
68690,40.766308,-82.531659,city
68691,43.565504,-76.126035,city
68692,42.168632,-76.829658,city
68693,30.042205,-91.049721,city
68696,28.405244,-97.748931,city
68697,27.606663,-99.494535,exit
68698,41.552958,-87.854062,exit
68699,25.465910,-80.445997,city
68701,41.509037,-87.870966,city
68702,35.082852,-81.705736,exit
68708,41.599922,-90.618028,exit
68716,41.253247,-72.999562,exit
68722,40.287727,-109.987983,city
68730,32.024174,-102.113307,city
68734,43.438840,-112.121128,exit
68737,44.550686,-89.581367,exit
68738,40.475708,-93.004416,city
68740,41.303585,-82.979425,city
68741,46.892685,-102.797343,city
68742,32.851662,-104.423703,city
68796,39.853433,-85.415829,exit
68797,41.509037,-87.870966,city
68798,31.361928,-110.934820,city
68799,32.310543,-89.667736,exit
68801,30.098594,-98.417106,city
68803,31.092643,-95.961101,exit
68806,29.905363,-90.143545,city
68808,34.057476,-78.888420,city
68813,42.800289,-84.739599,exit
68814,34.907235,-110.211385,exit
68815,29.182878,-98.844199,exit
68821,42.900602,-78.668780,city
68822,38.426867,-95.857847,exit
68823,40.766308,-82.531659,city
68824,43.798059,-95.319778,city
68825,41.237511,-73.024596,exit
68826,41.839798,-71.318047,city
68828,34.492286,-89.021720,city
68831,44.963324,-93.268320,city
68835,34.897995,-77.541658,city
68836,35.547853,-100.965030,city
68839,34.469600,-96.055521,city
68840,32.449929,-100.443229,exit
68841,30.758637,-81.652217,exit
68843,29.217284,-98.412628,exit
68844,30.906306,-102.879281,exit
68845,36.605461,-77.564154,exit
68847,31.064037,-98.182783,city
68848,31.428221,-97.190300,exit
68849,32.416983,-87.035702,city
68850,31.566751,-91.440444,city
68856,35.458006,-95.531524,exit
68860,28.892913,-99.114264,exit
68861,43.634127,-91.500399,city
68864,39.961052,-84.189490,exit
68865,39.294632,-84.462566,exit
68868,41.405188,-99.640758,city
68869,41.004776,-98.600552,city
68873,41.406237,-75.504529,exit
68874,33.433523,-112.591041,exit
68875,36.085507,-80.063772,exit
68882,40.193265,-110.062512,city
68883,44.663798,-103.859143,city
68885,28.451361,-99.239505,exit
68886,30.933755,-90.515162,city
68888,41.396318,-89.890670,city
68890,34.810532,-92.357343,exit
68891,35.875238,-84.325230,exit
68892,42.767561,-86.098585,city
68893,42.878724,-85.371407,exit
68894,43.136836,-85.554586,city
68895,42.849300,-85.861015,exit
68897,36.378349,-84.245773,exit
68899,42.267441,-71.617492,city
68900,36.176849,-76.466552,city
68901,39.357759,-84.263192,exit
68902,37.285137,-98.581185,city
68903,44.272580,-105.498936,city
68907,32.459785,-96.843621,exit
68908,40.057104,-82.903551,exit
68912,34.739501,-97.263344,exit
68913,43.637883,-95.593663,exit
68915,42.448167,-96.571302,city
68916,32.462133,-99.843844,exit
68919,42.284822,-71.348811,city
68921,32.551114,-83.879939,city
68923,31.194112,-101.453406,city
68924,42.720191,-88.991806,exit
68925,45.285855,-93.002929,exit
68926,43.003955,-88.808473,city
68928,35.008204,-106.044320,exit
68929,36.009692,-80.029970,exit
68930,32.273632,-81.080116,exit
68933,40.042691,-76.429103,city
68935,43.584321,-116.563971,city
68936,34.551466,-77.923012,city
68937,41.663008,-78.809016,city
68938,35.659435,-101.402360,city
68941,42.583426,-71.284503,city
68946,39.900737,-84.187971,exit
68947,32.125389,-110.875327,exit
68949,38.247845,-78.113187,city
68950,43.844464,-92.182851,city
68951,44.560267,-90.591593,city
68952,44.016858,-116.920712,city
68956,43.087815,-89.429856,city
68957,47.838058,-103.643203,city
68959,39.932815,-83.611886,exit
68960,41.229271,-112.012513,exit
68964,36.750694,-98.357667,city
68969,40.765447,-111.981675,exit
68971,31.868353,-102.298448,exit
68972,39.727704,-75.469035,city
68974,28.885410,-97.900505,city
68976,40.628378,-116.948553,city
68977,37.868534,-109.336200,city
68978,43.598884,-116.552621,exit
68979,34.913298,-110.157212,exit
68981,39.742230,-92.470551,city
68982,42.932537,-83.620491,city
68985,40.466478,-93.976969,exit
68987,28.436376,-99.236711,city
68988,30.750693,-98.238331,city
68989,36.923015,-76.244641,city
68990,35.032130,-85.583343,exit
68991,47.116580,-118.366705,exit
68992,39.194178,-96.064198,city
68993,39.381182,-97.127372,city
68994,39.815798,-97.048422,city
68995,41.069602,-73.487861,exit
68996,43.438840,-112.121128,exit
69002,44.525300,-89.550377,city
69004,43.842344,-73.423035,city
69005,40.032754,-81.447587,exit
69006,40.059877,-81.053278,exit
69007,36.172178,-86.784602,city
69008,36.146926,-85.512653,city
69009,33.078895,-97.493199,city
69010,31.322904,-94.729026,city
69013,36.198303,-86.345523,city
69014,43.032266,-87.972766,exit
69015,35.058530,-85.133623,exit
69016,36.918727,-84.129481,exit
69017,32.523674,-93.655426,city
69021,47.392514,-103.247966,city
69027,34.728538,-82.256377,city
69028,39.734147,-84.205269,exit
69029,38.683386,-90.219583,exit
69030,33.926802,-81.290450,exit
69031,31.401081,-103.483403,exit
69036,34.366003,-80.083261,city
69037,35.728071,-79.464287,city
69038,34.509859,-79.853496,city
69041,35.595026,-77.590619,city
69042,33.372432,-79.280793,city
69043,44.961766,-89.646538,city
69045,31.138216,-81.574659,exit
69046,43.138245,-86.155192,exit
69047,41.670270,-87.737085,city
69048,39.729863,-86.264509,exit
69049,34.733309,-92.171455,exit
69051,38.551957,-89.806930,exit
69052,34.693034,-113.599504,city
69053,33.774957,-112.525091,city
69055,29.792038,-82.166931,city
69057,38.380632,-88.372524,city
69058,41.516866,-88.147963,city
69059,33.577959,-86.475839,exit
69061,34.705617,-82.466746,city
69064,36.273942,-77.283906,city
69067,40.686451,-84.123456,exit
69069,34.836902,-82.362997,city
69073,40.161803,-111.646714,exit
69076,39.516403,-76.174518,city
69077,28.338168,-98.026298,exit
69078,32.266361,-101.474892,exit
69079,48.313526,-102.400796,city
69084,32.402480,-96.844493,city
69085,41.129595,-101.720677,city
69088,40.520160,-74.271331,city
69091,39.776664,-86.145935,city
69095,39.549097,-119.849907,city
69096,41.229752,-80.443048,city
69097,32.766105,-96.860173,exit
69098,30.195936,-98.093701,city
69099,30.247720,-92.192882,exit
69100,43.489616,-112.035340,city
69101,33.577959,-86.475839,exit
69102,40.307988,-88.184001,exit
69103,32.321336,-102.551846,city
69104,32.793333,-96.766513,city
69106,34.750331,-82.295601,exit
69109,40.258364,-78.456827,exit
69110,40.432490,-79.259881,city
69112,41.295199,-89.082755,exit
69115,43.608986,-96.950285,exit
69117,41.501971,-83.736852,city
69119,35.312363,-106.554104,city
69122,33.404834,-90.890925,city
69123,34.767914,-96.669114,city
69124,27.447643,-80.394328,exit
69125,41.695742,-92.445442,exit
69127,30.726119,-90.532811,exit
69128,44.301067,-84.749865,city
69132,31.194112,-101.453406,city
69133,32.730479,-103.161383,city
69134,35.484983,-97.269942,city
69135,39.848588,-84.425125,exit
69137,31.604773,-97.106418,exit
69139,29.102741,-97.287081,city
69141,37.760677,-100.018438,city
69142,39.112369,-108.642972,exit
69143,37.737717,-88.545818,city
69144,30.751007,-98.676524,city
69145,38.759339,-81.692317,exit
69146,41.053508,-75.960102,exit
69149,35.138777,-90.023025,exit
69150,39.667982,-86.370842,exit
69151,39.112369,-108.642972,exit
69152,35.241134,-91.735223,city
69153,34.113304,-86.866169,exit
69155,36.695413,-97.345846,exit
69156,35.061438,-90.020003,exit
69159,41.996136,-77.130392,city
69162,41.573899,-85.830325,city
69163,43.587285,-96.692109,exit
69164,31.075273,-97.731617,city
69165,36.268187,-99.877802,city
69167,37.975876,-100.850884,city
69168,32.376626,-99.104261,exit
69169,39.791608,-88.264545,exit
69170,39.261319,-81.543360,city
69171,41.556820,-90.603948,city
69172,44.818343,-91.494769,city
69173,43.147139,-90.704895,city
69174,45.634166,-89.428775,city
69175,44.772107,-93.917287,city
69176,47.715456,-104.167161,city
69177,41.498733,-95.450691,exit
69178,26.714618,-81.811411,exit
69182,42.902886,-73.786479,exit
69183,39.619478,-83.607925,exit
69185,36.684014,-76.941396,city
69186,41.647269,-85.008236,city
69187,33.448896,-90.643752,city
69188,45.771544,-111.189796,exit
69189,30.894175,-102.847765,exit
69190,30.732626,-86.351338,exit
69193,39.645553,-80.862670,city
69194,39.607998,-75.941623,city
69200,40.163053,-89.417706,exit
69201,46.355269,-94.198372,city
69203,41.529863,-87.877710,city
69207,30.487190,-84.161413,exit
69211,45.396909,-92.994436,exit
69213,28.459855,-98.548677,city
69214,39.523881,-107.777990,exit
69215,40.450392,-74.479416,city
69217,41.033251,-81.864335,exit
69218,42.228599,-77.186098,exit
69220,27.585333,-82.540103,exit
69221,41.388795,-88.422114,exit
69222,34.435452,-100.282382,city
69223,31.451615,-85.645035,city
69226,27.946241,-97.587518,city
69228,32.702861,-96.277987,exit
69229,35.680969,-88.742606,exit
69230,35.545552,-81.044706,city
69233,39.340502,-82.996102,city
69234,46.774458,-92.134135,city
69235,46.693164,-92.081086,city
69236,44.819561,-91.436434,city
69237,42.911120,-88.217312,exit
69238,43.772182,-88.440264,city
69239,34.718502,-87.702586,city
69245,34.770746,-76.879103,city
69250,40.703772,-104.997568,exit
69252,36.035068,-78.481650,city
69255,33.512460,-90.198963,city
69257,28.350178,-99.615258,city
69258,28.995013,-98.431185,exit
69259,35.180044,-84.871288,city
69261,41.958011,-87.943825,city
69263,33.508208,-88.407128,city
69288,41.822712,-90.544087,city
69289,46.759137,-92.129040,exit
69290,43.756560,-88.472259,exit
69291,38.932612,-111.854416,exit
69294,43.941120,-90.763781,exit
69296,46.699611,-92.424121,exit
69297,45.180635,-89.700339,city
69299,36.142444,-81.176974,city
69300,35.144868,-76.844682,city
69301,35.542961,-76.623111,city
69305,38.234991,-88.006574,exit
69306,30.517864,-83.058193,exit
69307,38.889086,-89.838322,exit
69308,40.200888,-76.729183,city
69309,40.962205,-91.547162,city
69310,30.507853,-99.774647,exit
69311,38.525256,-118.626030,city
69312,40.395178,-77.027730,city
69313,47.482103,-122.269117,exit
69314,41.798794,-87.801422,exit
69315,39.421553,-87.693139,exit
69318,40.584334,-74.271626,city
69319,35.378226,-77.971869,city
69321,29.512549,-97.447205,city
69322,29.827212,-94.396192,exit
69324,46.139622,-67.839741,exit
69330,44.487268,-87.940483,exit
69333,42.673081,-85.641727,city
69336,36.184693,-86.407059,exit
69338,41.193879,-85.700552,city
69339,39.439948,-84.335974,exit
69341,29.329870,-98.416079,exit
69342,41.661123,-87.517705,exit
69344,29.235974,-97.963888,city
69345,40.214826,-76.787374,exit
69346,41.541084,-75.949058,city
69353,40.373276,-80.105560,exit
69354,39.758812,-86.495282,city
69362,43.692043,-86.369453,city
69365,36.597486,-86.526621,city
69369,40.639695,-80.222537,city
69374,31.498334,-97.230789,city
69377,41.006903,-81.604390,city
69379,41.572590,-93.610243,city
69380,40.681727,-96.503932,city
69384,44.276791,-88.263857,city
69390,40.751399,-88.006523,exit
69392,39.993140,-85.842015,exit
69393,38.920936,-82.285388,city
69394,40.025655,-84.230890,exit
69395,39.776664,-86.145935,city
69396,35.982750,-85.013593,exit
69397,35.679236,-88.780040,exit
69398,35.026240,-85.172694,exit
69399,35.465928,-84.648751,exit
69400,36.848000,-88.361649,city
69401,41.218484,-95.829806,exit
69402,40.496530,-82.717955,exit
69403,45.505730,-100.032904,city
69405,32.375003,-99.004769,exit
69407,44.515940,-99.988556,city
69410,44.117790,-103.049883,exit
69412,41.142663,-84.582657,city
69413,35.500387,-98.964835,exit
69414,36.910013,-86.432201,exit
69416,30.584366,-95.943842,city
69417,36.715705,-77.306360,city
69421,31.765957,-106.482842,exit
69423,31.847780,-106.431106,city
69425,32.270314,-107.759724,exit
69426,35.259164,-112.192757,exit
69434,30.750693,-98.238331,city
69436,28.964036,-98.495963,city
69437,37.987737,-87.534705,city
69438,36.880691,-94.431067,exit
69439,38.370866,-97.620655,exit
69440,41.128114,-84.850513,city
69441,32.401771,-99.385714,exit
69442,28.525843,-99.859255,city
69446,32.775105,-92.400519,city
69448,33.561901,-101.888883,city
69451,30.517649,-81.635109,exit
69452,41.770947,-76.445404,city
69453,30.774433,-94.422454,city
69454,39.303004,-85.964311,exit
69455,43.063348,-87.966695,city
69458,42.447214,-90.841426,city
69459,38.535579,-89.729177,exit
69462,30.847997,-89.496237,exit
69465,44.272580,-105.498936,city
69467,29.146743,-98.165173,city
69468,36.392868,-100.797656,city
69469,34.893135,-82.160165,exit
69471,27.803849,-97.453116,exit
69474,32.407120,-85.958442,exit
69475,35.876512,-97.408657,city
69477,39.751449,-92.563896,city
69480,47.989075,-102.488305,city
69483,35.819755,-90.679033,city
69484,43.955240,-89.816548,city
69485,31.529899,-94.110894,city
69486,36.490690,-77.441966,city
69487,29.607104,-98.269026,exit
69489,34.628218,-79.685958,city
69492,39.812063,-111.841492,city
69494,30.443835,-91.207410,city
69495,35.742643,-95.356864,city
69496,39.839295,-85.557401,exit
69497,39.305417,-87.985309,city
69499,41.412027,-86.779449,city
69500,31.786841,-102.479140,exit
69501,42.717854,-114.515790,city
69504,44.164687,-92.169190,city
69505,42.852072,-88.320848,exit
69506,42.902217,-87.936192,exit
69508,43.969729,-88.950033,city
69510,43.489303,-83.401744,city
69512,33.561901,-101.888883,city
69513,44.943486,-90.317339,city
69514,31.984995,-102.035740,exit
69520,40.086831,-79.752596,city
69521,42.018078,-93.469303,city
69522,38.598191,-95.262773,city
69524,43.292850,-71.574045,exit
69525,28.667517,-99.176465,city
69526,32.605585,-98.213845,city
69527,42.646443,-84.072530,exit
69528,41.890534,-91.670968,exit
69530,29.445861,-98.431050,exit
69531,43.146358,-93.355863,exit
69532,43.680475,-116.688520,exit
69534,30.879229,-84.205505,city
69536,29.269670,-97.765876,city
69541,35.245302,-102.429247,city
69542,41.663089,-87.662538,exit
69545,32.197455,-96.898604,exit
69546,46.011182,-92.931869,exit
69547,44.212338,-88.427357,city
69549,44.875238,-93.033423,exit
69550,46.736262,-92.171585,exit
69553,41.684708,-88.336079,city
69554,39.821028,-85.769663,exit
69558,29.459775,-98.524263,city
69559,43.870031,-93.277024,exit
69560,35.065250,-106.787290,exit
69561,35.906192,-84.144659,exit
69562,42.692042,-84.503140,exit
69563,37.962999,-84.388724,exit
69564,36.137666,-85.628487,exit
69565,42.743860,-86.071917,exit
69566,41.511734,-88.081558,exit
69567,46.436175,-92.745382,exit
69568,42.774675,-88.939991,city
69570,46.807582,-95.846612,city
69572,39.664500,-77.739171,exit
69573,39.578846,-77.875092,exit
69574,44.905063,-91.854704,exit
69575,39.673299,-78.726141,exit
69576,34.386353,-96.131101,city
69580,36.144651,-98.925437,city
69581,42.907651,-76.103328,city
69584,34.005793,-95.078580,city
69585,38.380133,-84.571761,exit
69587,39.481809,-88.321742,exit
69588,32.795738,-96.692387,exit
69589,35.878211,-97.394178,exit
69590,35.399523,-97.906705,city
69591,26.331439,-81.750104,exit
69592,39.731740,-86.044959,exit
69594,41.629436,-88.245648,city
69595,35.625616,-87.044232,city
69596,42.034001,-87.901069,city
69597,39.899302,-79.724529,city
69598,41.370548,-81.861757,city
69599,40.426324,-79.761379,city
69601,36.505405,-101.787387,city
69605,45.829988,-93.423093,city
69607,32.152046,-94.337111,city
69608,26.204060,-98.325221,city
69611,41.194247,-97.426267,city
69612,28.046546,-99.350287,exit
69614,40.009301,-77.115883,city
69615,41.320546,-96.358619,city
69616,39.412916,-84.152933,exit
69618,37.985983,-100.993619,city
69621,29.512488,-98.304625,city
69625,40.092955,-76.188963,city
69626,36.737430,-91.867957,city
69627,26.381001,-98.821481,city
69629,44.922436,-73.107634,exit
69630,32.035854,-93.699429,city
69632,34.688740,-86.675075,city
69633,31.600214,-106.193708,exit
69636,39.480683,-90.486766,city
69637,41.920346,-88.133223,city
69643,27.755616,-98.065812,city
69646,33.665489,-114.199842,exit
69647,41.847692,-88.311047,city
69648,40.997452,-81.996484,exit
69649,41.201693,-79.974734,exit
69651,34.840485,-97.609851,city
69652,41.348770,-86.319336,city
69653,39.294109,-102.278913,exit
69654,36.699265,-95.637465,city
69657,44.203133,-73.279196,city
69658,41.550485,-95.917425,exit
69659,34.916305,-80.980922,exit
69662,31.712856,-98.977053,city
69663,28.701071,-100.476229,city
69664,31.064037,-98.182783,city
69666,29.881054,-97.793336,city
69668,36.870686,-89.533026,exit
69669,31.951016,-102.139211,exit
69670,42.403004,-73.456777,city
69671,38.478872,-100.903053,city
69672,31.422912,-103.493229,city
69673,33.014743,-97.229034,city
69674,36.166854,-84.081693,exit
69676,34.070866,-84.272650,city
69679,28.171102,-81.595209,city
69680,41.798794,-87.801422,exit
69681,33.591016,-86.124264,exit
69682,36.378349,-84.245773,exit
69683,41.798794,-87.801422,exit
69684,44.913348,-89.621478,city
69686,39.952942,-90.210446,city
69687,40.864228,-86.878624,city
69688,40.248464,-88.641655,city
69693,41.228391,-111.968147,city
69694,41.623416,-111.942094,city
69695,40.483340,-111.899258,exit
69696,41.740138,-111.843754,city
69698,36.644152,-95.062183,city
69699,30.298622,-97.754134,city
69701,41.439842,-96.487000,city
69702,36.007851,-83.529886,exit
69703,27.602502,-99.495754,exit
69707,32.942871,-93.897914,exit
69708,31.612364,-94.652046,city
69709,35.862020,-101.964972,city
69710,41.112959,-102.949121,exit
69711,30.371885,-81.761002,exit
69712,45.829343,-119.801376,exit
69713,31.597425,-96.154078,exit
69715,40.021709,-98.061860,city
69719,40.598401,-78.313749,exit
69720,26.688379,-80.735526,city
69721,39.785329,-93.077967,city
69723,42.116614,-88.505165,city
69727,39.910352,-93.964011,city
69729,40.411775,-92.566678,city
69731,37.845251,-94.334609,exit
69732,38.705239,-93.235819,city
69735,39.794761,-93.547397,city
69740,36.757218,-81.858131,exit
69741,33.461851,-112.269315,exit
69742,36.406702,-97.869861,city
69743,39.824337,-97.633855,city
69744,37.046108,-100.927706,city
69745,34.947987,-104.641458,exit
69746,41.540249,-94.012353,exit
69747,41.088193,-85.142791,city
69748,41.088193,-85.142791,city
69750,29.665443,-98.167664,exit
69751,36.818760,-93.920551,city
69755,32.894313,-79.990460,exit
69758,40.740726,-111.949238,exit
69764,38.964501,-112.338349,city
69765,41.722822,-85.425486,city
69766,40.394734,-84.161344,exit
69770,42.088125,-78.630202,exit
69772,29.335738,-98.622686,exit
69780,41.703604,-88.032341,exit
69782,42.904586,-76.859023,city
69783,40.476388,-76.295013,exit
69784,45.526690,-94.171008,city
69785,34.295366,-99.742889,city
69786,35.886823,-89.918688,exit
69787,38.637127,-94.354312,exit
69788,38.773317,-90.416997,city
69789,29.593677,-82.094467,city
69790,36.068747,-89.396723,exit
69791,36.337568,-102.076030,city
69792,37.212921,-93.384810,exit
69797,45.526690,-94.171008,city
69798,39.836219,-99.891596,city
69799,35.038825,-110.697847,exit
69800,42.102553,-102.876885,city
69801,39.163798,-119.767403,city
69803,41.456634,-88.195943,exit
69804,43.047205,-88.250114,exit
69809,45.232860,-93.640644,exit
69811,34.631168,-97.957162,city
69813,40.014961,-77.533498,exit
69814,31.839175,-100.985878,city
69815,46.394600,-105.822549,exit
69816,33.561901,-101.888883,city
69817,32.323655,-89.341153,exit
69818,35.625162,-95.954032,city
69819,40.549986,-85.660420,city
69820,42.528638,-94.540064,city
69821,32.763373,-97.318246,exit
69823,39.464152,-87.376036,city
69824,30.555523,-91.955962,city
69825,45.594724,-94.152747,city
69826,36.469013,-86.682880,exit
69827,44.889187,-91.909810,city
69830,40.557001,-75.998071,exit
69832,30.416999,-89.191584,exit
69833,36.106512,-94.573885,city
69835,38.481648,-102.779823,city
69837,41.598518,-87.583591,exit
69840,41.146568,-96.158936,exit
69842,36.010497,-96.115629,exit
69845,40.517060,-107.555396,city
69847,42.788556,-91.108775,city
69848,45.634166,-89.428775,city
69850,41.572590,-93.610243,city
69851,42.265448,-88.887758,city
69852,47.029954,-91.675744,city
69854,43.391984,-89.466921,exit
69855,43.128185,-92.739944,city
69856,33.950273,-80.990647,exit
69858,29.252612,-98.313954,city
69859,30.474253,-90.747930,exit
69861,37.732619,-88.958791,exit
69862,38.177877,-94.705328,city
69863,41.098441,-114.952074,exit
69865,37.423757,-76.901075,city
69870,41.635757,-83.488654,exit
69871,30.115184,-97.326562,city
69873,44.663291,-90.171736,city
69874,39.686554,-90.228924,exit
69875,42.028216,-97.427807,city
69876,42.310593,-93.569504,exit
69877,39.584704,-91.398977,city
69878,41.958011,-87.943825,city
69879,39.751622,-86.226025,exit
69880,41.905395,-87.924917,exit
69881,45.179510,-93.863995,city
69882,35.250517,-87.331844,city
69884,34.968885,-104.791576,exit
69885,40.689494,-81.180409,city
69886,40.663504,-96.182733,city
69887,32.012457,-81.194157,city
69888,42.564094,-114.460899,city
69892,42.842120,-106.321282,city
69893,36.424832,-99.404726,city
69894,48.189496,-103.649117,city
69895,41.462288,-88.271495,exit
69900,39.896844,-83.723167,exit
69901,44.156137,-87.577352,city
69902,46.265797,-119.182889,exit
69903,34.822603,-102.400163,city
69904,37.644623,-98.431130,city
69905,44.385948,-88.162559,exit
69906,37.669661,-95.464162,city
69907,27.800583,-97.396381,city
69908,40.921812,-90.296031,exit
69912,33.462027,-112.151456,exit
69913,36.763259,-90.413953,city
69914,33.950273,-80.990647,exit
69915,38.097317,-94.348906,exit
69921,39.255526,-88.153711,exit
69922,41.509793,-112.060194,exit
69923,29.459775,-98.524263,city
69926,36.695413,-97.345846,exit
69927,39.698911,-77.738182,exit
69928,36.039317,-95.785220,city
69929,37.828000,-94.704141,city
69930,32.980047,-86.688215,exit
69931,34.658593,-86.796256,exit
69932,29.459775,-98.524263,city
69933,33.479528,-112.113077,exit
69934,46.693164,-92.081086,city
69935,43.104550,-88.058033,exit
69936,26.833752,-81.098451,city
69937,43.504198,-112.055484,exit
69938,34.265076,-110.038286,city
69939,39.975950,-111.772460,exit
69940,38.617441,-94.348718,exit
69941,32.727921,-97.817529,exit
69943,34.481607,-97.960557,city
69944,41.107047,-80.887421,exit
69945,39.731740,-86.044959,exit
69946,43.444332,-93.349684,exit
69947,36.014766,-86.620934,exit
69948,30.666016,-96.381049,city
69949,31.949127,-99.959308,city
69952,35.315343,-99.612344,exit
69954,40.890613,-74.700356,exit
69955,35.498187,-80.564692,exit
69957,32.713424,-83.730848,exit
69958,40.830669,-83.270709,city
69959,35.384193,-96.807132,exit
69960,47.114848,-104.736704,exit
69962,31.322904,-94.729026,city
69963,36.460071,-97.179608,city
69964,35.783369,-80.871654,city
69969,39.551041,-75.010217,city
69974,28.037188,-97.501457,city
69975,38.023124,-97.944967,city
69976,43.588876,-89.810492,exit
69977,43.468072,-89.738387,city
69978,33.668929,-95.546616,city
69979,46.223155,-119.790413,exit
69980,39.984516,-76.186183,city
69981,33.583606,-99.792932,city
69982,40.332505,-76.507684,city
69983,40.600584,-81.529330,city
69986,32.733338,-101.953773,city
69987,45.746433,-107.612635,exit
69988,43.675117,-87.760577,exit
69989,33.606236,-88.657568,city
69990,39.264924,-114.870839,city
69991,38.939000,-119.736879,city
69992,45.526690,-94.171008,city
69993,30.183667,-96.928029,city
69995,32.081703,-110.805731,exit
69996,31.949127,-99.959308,city
69998,42.622790,-96.298150,city
69999,40.441036,-78.426018,exit
70001,39.601152,-82.932515,city
70002,31.873006,-89.734001,city
70003,40.296656,-79.889026,city
70004,40.286476,-83.074864,city
70007,28.359711,-80.794594,exit
70008,29.696736,-97.104896,exit
70009,42.603432,-89.636505,city
70010,42.741989,-93.204992,city
70011,44.014299,-92.478592,city
70012,39.769964,-104.806756,exit
70014,38.769237,-92.483904,city
70016,40.705701,-96.392119,city
70017,39.637487,-79.946854,city
70019,42.868490,-77.712609,exit
70022,40.664911,-77.593006,city
70024,44.509167,-88.082347,exit
70025,40.578747,-81.090820,city
70026,41.364848,-89.152438,exit
70027,41.990254,-88.314285,city
70028,35.662162,-81.232269,city
70029,29.986824,-94.208944,exit
70030,41.590740,-87.347113,city
70031,40.830669,-83.270709,city
70032,42.492327,-92.351947,city
70033,45.058590,-92.830436,city
70034,41.789845,-87.824374,exit
70035,40.443707,-86.923616,city
70036,41.895343,-88.220469,city
70037,39.449358,-87.126242,exit
70038,43.054969,-86.219349,city
70039,28.914045,-98.540806,city
70040,29.992574,-97.871375,exit
70041,37.504316,-77.085210,exit
70042,42.519170,-93.267284,city
70043,46.663638,-92.477007,exit
70044,41.598518,-87.583591,exit
70049,41.945352,-91.670331,exit
70050,43.229777,-89.345486,city
70053,43.106959,-89.506340,city
70054,42.878693,-87.898676,city
70058,44.014299,-92.478592,city
70059,46.581760,-90.871898,city
70062,43.009084,-88.245062,city
70063,33.953561,-84.542463,city
70066,43.087815,-89.429856,city
70067,44.308865,-90.842602,exit
70068,35.282350,-97.601507,exit
70069,38.650387,-94.364980,exit
70074,40.342515,-94.870048,city
70075,45.537981,-92.031977,city
70076,37.639568,-91.534860,city
70078,44.818343,-91.494769,city
70079,34.438569,-103.194194,city
70080,41.060392,-86.198313,city
70081,40.366242,-80.656883,city
70082,45.894436,-89.691154,city
70083,43.134619,-89.747354,city
70084,42.369447,-87.870898,city
70085,41.958011,-87.943825,city
70087,40.710057,-74.145368,exit
70088,45.936358,-90.443969,city
70090,35.879716,-87.800804,exit
70091,39.120746,-88.568533,exit
70093,35.071873,-88.614889,city
70095,33.213601,-97.775157,city
70096,34.211591,-92.017555,city
70097,43.729250,-87.825012,city
70098,46.581760,-90.871898,city
70099,33.625491,-97.152718,exit
70100,32.195636,-86.417344,exit
70104,40.268478,-103.640743,exit
70105,28.668898,-82.142789,exit
70106,31.201678,-97.305033,exit
70107,40.650283,-82.544910,exit
70108,41.625428,-87.724233,city
70111,43.250474,-89.377782,exit
70117,39.928179,-77.635401,exit
70118,35.967533,-86.525348,city
70122,34.572995,-86.989901,city
70124,38.075971,-102.614723,city
70125,40.966988,-80.655284,exit
70126,40.650283,-82.544910,exit
70127,40.394456,-79.417524,city
70128,35.680969,-88.742606,exit
70130,32.726812,-82.719072,city
70131,41.873844,-88.015491,city
70135,37.683092,-92.638848,exit
70136,32.781954,-97.348573,city
70137,39.909894,-76.703746,exit
70140,39.014854,-85.630055,city
70142,41.185691,-77.316486,city
70143,45.411785,-94.057539,exit
70144,35.539657,-94.231891,exit
70145,43.489616,-112.035340,city
70146,47.672777,-117.215821,exit
70150,41.055376,-95.820850,exit
70151,32.286409,-96.544836,exit
70154,40.395471,-104.578344,city
70155,42.385444,-83.276088,exit
70156,37.683877,-113.095790,city
70157,42.492327,-92.351947,city
70158,33.082160,-80.207800,exit
70159,37.123551,-77.224856,city
70160,44.796219,-106.964166,city
70162,36.697157,-76.634781,city
70163,45.378519,-94.721592,city
70164,41.076754,-75.578076,exit
70168,45.565070,-94.302070,city
70169,30.529807,-96.699724,city
70170,37.698686,-85.876689,city
70171,43.631547,-88.737534,city
70172,38.013187,-88.917281,city
70174,42.987236,-82.927481,exit
70176,43.613500,-116.203451,city
70177,37.349795,-108.576100,city
70179,36.254511,-94.150438,exit
70180,41.958011,-87.943825,city
70181,35.493776,-79.176464,city
70182,43.643087,-94.101830,city
70183,31.825126,-103.908806,city
70185,31.853913,-103.092387,city
70187,31.422912,-103.493229,city
70188,36.644152,-95.062183,city
70189,42.763811,-71.432010,city
70190,34.653247,-106.794951,exit
70191,34.173392,-98.502383,exit
70192,31.362080,-92.587312,exit
70207,32.694354,-97.517936,exit
70208,39.574341,-119.715154,city
70209,37.340596,-94.293139,exit
70210,41.117367,-89.357282,city
70214,33.782487,-84.648488,city
70216,39.072911,-104.847043,city
70217,42.723937,-114.546335,exit
70218,37.418006,-87.478957,city
70219,31.322904,-94.729026,city
70220,35.815093,-80.831417,exit
70221,41.964226,-91.679164,city
70222,40.617228,-87.317929,city
70223,42.973116,-83.726093,exit
70224,39.118212,-108.359720,exit
70225,40.011135,-75.014128,city
70227,29.999730,-82.596850,exit
70229,35.965946,-114.912429,exit
70232,39.406523,-78.023466,exit
70233,46.861327,-101.417716,exit
70236,35.624665,-105.203055,exit
70238,30.578777,-100.647110,exit
70239,38.875231,-104.834811,exit
70240,37.128559,-113.525708,exit
70241,38.964576,-119.766621,city
70242,31.640664,-97.097789,exit
70243,36.976832,-86.433661,city
70245,33.962773,-98.680872,city
70246,25.775163,-80.208615,city
70247,32.671383,-96.970184,exit
70249,36.749245,-86.207631,city
70251,31.307305,-89.317434,city
70254,38.924271,-97.228773,city
70255,44.246631,-85.432311,city
70256,27.887064,-81.821777,city
70257,26.163068,-98.034138,city
70258,43.990229,-95.758371,city
70262,34.087080,-96.774665,city
70263,32.439408,-81.775106,city
70265,40.771944,-97.054298,city
70266,31.880461,-102.345314,city
70267,44.705068,-123.052830,exit
70268,41.333974,-92.204448,city
70269,42.525068,-96.499422,exit
70270,37.940016,-101.258444,city
70271,42.353346,-97.787145,city
70273,38.195417,-85.708065,exit
70274,43.099971,-93.603118,city
70276,37.204730,-77.392368,city
70277,45.304590,-92.363356,city
70278,44.297805,-88.312567,exit
70279,44.545738,-93.575585,city
70280,40.306174,-104.980317,exit
70281,41.964265,-83.350359,exit
70282,43.001581,-89.200513,exit
70283,42.343181,-88.102099,city
70284,44.785943,-68.780635,exit
70285,45.204630,-69.223534,city
70286,44.922741,-69.265852,city
70287,40.282484,-86.043208,city
70291,41.328073,-105.615866,exit
70292,36.811120,-114.125652,city
70293,45.403592,-91.739750,city
70295,41.647269,-85.008236,city
70296,40.517634,-111.963515,city
70297,42.509863,-94.175675,city
70298,32.702076,-80.872657,exit
70299,30.408254,-81.564334,exit
70300,33.572154,-112.090132,city
70301,40.838111,-115.767809,city
70302,46.774458,-92.134135,city
70303,42.492327,-92.351947,city
70304,44.312638,-69.809835,exit
70305,35.535973,-97.945469,city
70306,41.696337,-93.040512,city
70307,45.684032,-92.990407,exit
70308,44.668206,-88.234279,city
70309,32.114838,-103.189996,city
70310,42.483569,-71.675585,city
70311,42.629085,-73.118747,city
70313,33.572154,-112.090132,city
70314,40.810284,-96.674856,city
70318,33.119429,-95.633066,exit
70319,41.044484,-81.692045,exit
70320,35.032130,-85.583343,exit
70321,32.978454,-115.528569,city
70322,45.466184,-69.578033,city
70323,40.126826,-87.778195,exit
70324,41.573899,-85.830325,city
70325,42.509863,-94.175675,city
70326,31.572872,-102.910446,exit
70328,41.935983,-87.879197,city
70329,44.375163,-100.319996,city
70331,37.792322,-79.885368,exit
70333,41.667151,-93.465108,exit
70334,42.616836,-89.375604,city
70336,42.456557,-88.994959,exit
70337,30.572092,-100.582559,exit
70338,40.268071,-84.183228,exit
70340,41.516866,-88.147963,city
70341,36.336885,-79.676964,city
70342,41.906106,-87.920123,exit
70343,48.187935,-122.202951,exit
70344,45.568215,-93.590254,city
70345,42.783350,-86.026619,exit
70346,42.462423,-93.818201,city
70349,35.974532,-83.626840,city
70350,25.989404,-97.480625,city
70351,42.004635,-111.804656,city
70352,45.491545,-93.242818,city
70353,35.040543,-97.947173,city
70357,39.914648,-83.016525,exit
70358,45.219432,-96.633696,city
70359,36.897209,-113.908378,exit
70360,43.670313,-116.676904,exit
70361,42.919886,-110.995255,city
70366,45.746289,-87.083605,city
70371,33.159775,-99.732032,city
70373,44.395910,-88.738610,city
70374,39.855983,-88.933746,city
70375,33.226466,-97.587208,city
70376,32.793333,-96.766513,city
70377,36.204351,-83.300032,city
70379,34.163316,-84.801066,city
70380,35.253152,-80.979663,exit
70383,30.678931,-87.740873,city
70385,34.196507,-97.131848,city
70388,31.574964,-102.892239,exit
70389,32.024174,-102.113307,city
70390,31.853913,-103.092387,city
70391,37.897864,-88.946096,exit
70403,47.701574,-117.019648,exit
70404,38.867255,-104.760749,city
70405,32.436147,-103.149043,city
70406,41.919778,-89.062264,city
70407,40.809036,-73.188171,exit
70408,40.823467,-72.997606,exit
70409,42.743860,-86.071917,exit
70410,33.804187,-84.171420,city
70411,34.106631,-82.872470,city
70413,40.714071,-94.237225,city
70415,39.465007,-74.997115,city
70416,36.337568,-102.076030,city
70417,42.668220,-92.333942,city
70419,27.830703,-99.410776,exit
70420,34.572995,-86.989901,city
70421,36.413682,-90.583609,city
70422,33.462003,-112.260921,exit
70423,42.116614,-88.505165,city
70424,43.345506,-83.863375,exit
70425,41.039273,-80.126023,exit
70426,30.749490,-84.483886,city
70427,32.012457,-81.194157,city
70428,31.594574,-81.895699,city
70429,31.124800,-83.425485,city
70430,33.365531,-82.073422,city
70431,42.487149,-95.542877,city
70432,41.509037,-87.870966,city
70433,41.629436,-88.245648,city
70434,38.314205,-88.917470,city
70436,39.843690,-96.638878,city
70437,38.224692,-85.741067,city
70438,30.280374,-91.903725,city
70439,32.550848,-92.921373,city
70440,42.492904,-83.025001,city
70441,38.761267,-93.717581,city
70442,39.163798,-119.767403,city
70443,32.517949,-90.100974,exit
70445,46.139704,-98.087123,city
70446,32.286235,-104.097756,city
70447,41.410927,-74.407100,city
70448,43.232432,-76.144820,city
70450,43.368207,-73.673872,city
70452,33.038996,-115.622441,city
70453,35.848313,-94.653212,city
70454,41.712575,-76.474665,city
70455,40.571174,-77.395140,city
70456,39.831886,-77.902890,city
70457,39.991631,-76.734493,exit
70458,34.643148,-82.460313,city
70459,43.540696,-96.731962,city
70460,31.441078,-100.450499,city
70461,29.699306,-98.115127,city
70463,30.142717,-96.256907,city
70464,39.089062,-108.567452,city
70466,30.944452,-95.373563,city
70467,41.146568,-96.158936,exit
70468,31.052345,-97.479542,city
70469,33.177431,-95.224447,city
70472,32.781954,-97.348573,city
70474,32.767265,-96.872487,exit
70476,45.876981,-93.290284,city
70478,38.932612,-111.854416,exit
70479,37.546809,-78.849462,city
70480,47.304889,-117.971290,city
70481,43.701312,-89.471405,exit
70482,43.411464,-106.276803,city
70483,40.670358,-73.392761,city
70484,32.944466,-103.349225,city
70485,32.730479,-103.161383,city
70488,33.188332,-102.821480,city
70491,39.743535,-94.002400,city
70492,44.961766,-89.646538,city
70493,34.781368,-91.558058,city
70494,39.882792,-104.794908,city
70495,33.329180,-91.284794,city
70496,44.346820,-87.845336,exit
70498,44.959474,-90.947958,city
70500,33.561901,-101.888883,city
70501,32.024174,-102.113307,city
70502,31.880461,-102.345314,city
70503,31.194112,-101.453406,city
70505,33.561901,-101.888883,city
70507,31.831378,-99.422201,city
70508,41.958626,-87.869317,city
70509,31.742153,-98.936602,city
70510,32.111350,-98.535156,city
70516,32.408598,-100.844773,exit
70527,38.490625,-85.771594,exit
70530,25.989404,-97.480625,city
70538,38.154164,-85.070011,exit
70539,39.421553,-87.693139,exit
70540,27.920309,-81.599564,city
70541,43.419587,-95.109574,city
70543,35.433397,-101.175846,city
70544,32.965202,-101.830842,city
70545,32.967871,-102.832225,city
70546,34.936913,-100.892111,city
70547,33.213601,-97.775157,city
70548,34.229225,-102.728330,city
70549,32.967871,-102.832225,city
70550,30.183667,-96.928029,city
70551,43.063348,-87.966695,city
70552,46.774458,-92.134135,city
70553,43.628733,-95.599702,city
70554,31.707438,-103.598875,city
70555,36.083531,-87.098318,exit
70556,38.417041,-82.603017,city
70557,36.564554,-95.215617,exit
70558,42.656002,-88.541460,exit
70559,45.758035,-93.651565,city
70560,32.693563,-113.953020,exit
70561,31.880461,-102.345314,city
70562,36.597486,-86.526621,city
70564,41.462957,-82.054386,exit
70565,43.399735,-94.834216,city
70567,40.883268,-74.668029,city
70571,41.556168,-84.769373,city
70572,42.826530,-82.492433,city
70573,43.293928,-89.735231,city
70574,39.956922,-89.553974,exit
70575,40.469019,-80.063328,city
70576,44.907134,-91.932829,exit
70577,41.576107,-88.116351,city
70578,44.100611,-103.151732,exit
70579,30.810264,-97.615122,city
70580,46.952224,-114.132716,exit
70581,32.868749,-87.924265,exit
70582,41.597144,-90.459635,exit
70583,36.986752,-91.961551,city
70584,31.972215,-102.074624,exit
70585,32.321336,-102.551846,city
70586,40.964397,-117.724642,city
70587,39.156930,-111.813516,city
70588,40.167664,-79.734498,exit
70590,29.895966,-81.311629,city
70591,40.751012,-81.405626,exit
70592,34.142425,-80.750997,exit
70593,34.499815,-84.933191,city
70595,40.126826,-87.778195,exit
70596,34.152565,-83.645885,exit
70597,38.040638,-84.458238,city
70598,35.109164,-89.968511,city
70599,33.407657,-82.665124,city
70600,43.147762,-93.200403,city
70601,38.940226,-97.214049,exit
70603,33.474369,-94.408943,exit
70604,43.257083,-93.636556,city
70605,41.844537,-87.759290,city
70606,37.050205,-86.208076,city
70607,41.425266,-88.266579,city
70608,45.214398,-93.391638,city
70609,33.261905,-84.095623,exit
70611,41.443361,-85.258154,city
70612,47.054194,-120.665964,exit
70615,41.628813,-87.673823,exit
70617,39.130641,-94.498523,exit
70618,39.872812,-82.932358,exit
70619,44.769566,-94.151027,city
70620,34.385674,-92.845331,exit
70621,32.533799,-82.929633,city
70622,40.259899,-75.724228,city
70623,41.685746,-88.066734,exit
70624,41.555397,-90.522013,exit
70625,45.356518,-69.017524,city
70626,39.544813,-107.654110,exit
70628,47.006586,-120.592356,exit
70629,45.509990,-92.993140,exit
70630,41.107457,-81.347019,exit
70632,41.439406,-87.623621,city
70634,38.478872,-100.903053,city
70635,41.051947,-82.723888,city
70637,26.163068,-98.034138,city
70638,39.067413,-95.727846,exit
70640,35.847503,-98.402734,city
70641,38.025066,-79.140608,exit
70642,32.359518,-90.667722,exit
70643,32.525286,-85.099484,city
70644,44.983461,-93.459837,exit
70645,29.499207,-98.400096,exit
70646,44.521542,-87.986568,city
70647,31.530327,-103.119755,exit
70648,43.215566,-71.038980,city
70649,45.509885,-92.955655,city
70650,41.103282,-112.003827,exit
70651,30.694766,-97.654919,exit
70652,38.299548,-88.946272,exit
70653,40.105026,-87.636261,exit
70654,32.272075,-109.250295,exit
70655,39.089062,-108.567452,city
70656,42.081347,-83.684793,city
70657,38.781571,-77.183921,city
70658,39.944443,-84.027667,city
70660,41.060314,-94.364727,city
70661,44.159437,-92.543060,city
70662,42.104940,-80.122149,exit
70663,41.182491,-87.878677,city
70665,30.058150,-97.834351,exit
70666,41.832287,-87.695427,exit
70667,45.671390,-120.835104,exit
70668,41.450134,-97.061591,city
70669,45.671390,-120.835104,exit
70670,40.833548,-111.935675,exit
70673,33.399355,-111.715968,city
70674,42.562221,-71.584844,city
70676,33.462941,-112.180934,exit
70677,33.533111,-112.189901,city
70679,33.413105,-112.009746,exit
70680,33.688543,-112.112855,exit
70681,33.399355,-111.715968,city
70682,38.566099,-90.129823,exit
70686,44.963882,-92.730253,city
70687,40.874039,-77.775849,exit
70691,29.445126,-98.360722,exit
70692,43.609670,-72.977788,city
70693,34.769222,-84.970420,city
70695,33.643341,-105.841132,city
70696,31.951016,-102.139211,exit
70698,35.358364,-103.453371,city
70699,36.292739,-88.308062,city
70700,32.542018,-86.205307,city
70704,37.036696,-94.514406,exit
70705,39.421668,-89.459007,city
70706,37.075218,-94.501259,city
70707,32.877994,-85.151253,exit
70708,42.785785,-84.674019,exit
70709,39.509438,-91.529335,city
70710,34.949671,-88.924455,city
70711,27.560379,-99.489181,city
70714,36.941815,-111.513283,city
70717,39.876216,-83.005603,exit
70718,34.908793,-91.197391,exit
70719,38.858462,-91.304585,exit
70720,45.594724,-94.152747,city
70722,43.092876,-76.089000,exit
70723,42.110437,-77.153121,exit
70724,33.588831,-80.356342,exit
70725,36.673774,-87.422506,city
70726,39.824337,-97.633855,city
70727,43.995916,-96.311080,city
70728,43.347525,-97.430791,city
70729,44.366596,-100.382329,city
70730,42.889751,-97.392687,city
70731,41.919778,-89.062264,city
70732,40.699721,-111.903258,exit
70733,39.742230,-92.470551,city
70735,39.040863,-90.140041,city
70736,41.702929,-93.576175,exit
70737,41.691939,-93.247626,exit
70738,37.052039,-94.426742,exit
70739,39.785329,-93.077967,city
70740,39.044965,-88.744575,exit
70741,40.596721,-84.957252,city
70742,42.896506,-92.803538,city
70743,46.088667,-94.500718,city
70744,41.367663,-89.009970,exit
70745,43.942382,-94.925361,city
70746,40.863867,-98.006966,city
70747,35.235009,-96.649468,city
70748,42.163106,-92.026206,city
70749,37.577342,-101.354864,city
70750,36.811275,-97.342613,exit
70751,43.384832,-87.927890,exit
70752,35.276876,-93.137515,city
70753,35.987428,-96.194175,exit
70754,37.516954,-97.010399,city
70755,37.174510,-101.344544,city
70756,39.104595,-95.078296,city
70757,34.926128,-95.773619,city
70759,44.055860,-93.250001,exit
70760,40.909211,-97.096095,city
70761,42.582306,-90.605183,city
70763,42.485339,-91.456086,city
70764,41.215870,-89.069956,city
70765,31.104936,-97.388512,city
70767,42.152447,-89.740174,city
70768,40.493402,-89.652529,city
70769,36.699265,-95.637465,city
70770,41.297913,-91.693671,city
70771,44.298945,-94.723594,city
70772,38.914640,-89.269583,exit
70773,39.837998,-96.069608,city
70774,42.461098,-95.152411,city
70775,38.779367,-95.556967,city
70776,39.773939,-98.783474,city
70778,39.983843,-84.200221,exit
70779,41.498406,-95.546206,exit
70780,45.526690,-94.171008,city
70782,40.701731,-98.846678,exit
70783,32.191260,-81.194717,exit
70784,34.938272,-78.922877,exit
70785,33.950273,-80.990647,exit
70786,27.833750,-97.546369,exit
70787,32.181296,-81.460294,exit
70788,41.406788,-81.507819,exit
70789,44.164575,-88.480038,city
70790,38.899638,-91.456653,exit
70791,35.840774,-88.085475,exit
70792,40.284302,-100.165800,city
70793,38.990517,-110.188473,exit
70794,40.944059,-83.389403,city
70796,32.824115,-97.313422,exit
70797,32.934003,-96.902627,exit
70798,42.720191,-88.991806,exit
70831,39.532400,-119.737139,exit
70832,39.574341,-119.715154,city
70833,39.549097,-119.849907,city
70845,39.532400,-119.737139,exit
70855,39.174543,-119.740661,exit
70858,32.195636,-86.417344,exit
70859,39.163798,-119.767403,city
70860,40.852460,-115.748841,exit
70864,39.449739,-119.775616,exit
70870,41.868095,-103.660696,city
70871,41.290527,-72.570194,exit
70873,29.999730,-82.596850,exit
70874,30.386923,-96.089807,city
70875,30.038834,-94.788803,city
70876,43.078344,-72.424804,city
70877,42.450687,-87.925147,city
70878,42.183833,-112.232501,exit
70879,35.094102,-106.729997,exit
70880,40.444433,-75.967191,city
70881,40.441036,-78.426018,exit
70882,40.395178,-77.027730,city
70883,40.341193,-76.422735,city
70884,39.474226,-77.363002,city
70885,44.261909,-88.305102,city
70887,33.561518,-83.499688,exit
70888,34.657061,-99.309046,city
70889,41.916909,-80.568685,exit
70890,33.814307,-98.192773,city
70891,36.771888,-76.367029,exit
70892,38.299272,-77.486658,city
70893,38.293555,-77.506465,exit
70894,38.617110,-76.908579,city
70895,38.132228,-77.511280,exit
70896,38.924952,-78.183426,city
70897,38.608485,-78.801366,city
70898,38.399964,-78.908428,exit
70899,38.046797,-78.905796,exit
70900,37.386546,-79.905571,exit
70901,37.292827,-80.102103,exit
70902,37.399069,-79.195294,city
70903,37.278458,-79.958174,city
70904,38.738567,-77.191254,exit
70905,38.853183,-77.299025,city
70906,39.046640,-76.932639,exit
70907,39.194913,-76.768925,exit
70908,38.837484,-76.868410,exit
70909,38.941622,-76.927838,city
70910,39.270915,-76.655757,exit
70912,39.204590,-76.560101,exit
70913,39.106877,-77.186351,exit
70914,38.891765,-76.847149,exit
70915,39.298071,-76.530621,exit
70917,38.375198,-75.586555,city
70918,39.241092,-76.590552,exit
70919,39.670017,-75.566519,city
70920,39.156271,-76.606996,city
70921,38.742826,-76.908675,city
70922,38.961205,-76.954935,city
70923,39.148601,-77.195131,city
70924,40.132142,-74.972092,exit
70925,39.907433,-75.267787,city
70926,40.593648,-75.478393,city
70927,38.781571,-77.183921,city
70928,39.177706,-76.790605,exit
70929,39.457769,-77.978212,city
70930,39.162101,-78.157836,exit
70931,39.637986,-77.723252,city
70933,39.173869,-78.176356,city
70934,39.384301,-77.412089,exit
70935,39.404419,-77.390241,exit
70937,38.715376,-77.797563,city
70938,39.004733,-77.405368,city
70939,38.746808,-77.482633,city
70940,38.746808,-77.482633,city
70941,37.513062,-77.313008,city
70942,38.889180,-77.442088,city
70943,38.470292,-77.999764,city
70944,38.470292,-77.999764,city
70945,38.583015,-77.778763,city
70946,38.228074,-78.377405,city
70947,38.293555,-77.506465,exit
70948,36.075206,-79.942736,exit
70949,35.725577,-78.879919,city
70950,36.085507,-80.063772,exit
70951,39.102847,-77.554525,city
70952,35.904333,-78.773671,exit
70953,38.239638,-77.500083,exit
70954,35.689477,-78.614599,city
70955,38.373625,-77.462706,exit
70956,34.209225,-77.885767,city
70957,38.235909,-77.498199,exit
70958,38.299272,-77.486658,city
70959,34.209225,-77.885767,city
70960,38.129835,-79.034558,exit
70961,34.287342,-77.970303,exit
70962,37.960312,-76.761188,city
70963,35.539726,-78.291735,city
70964,38.293555,-77.506465,exit
70965,35.831456,-78.639558,city
70967,35.081647,-78.973159,city
70968,37.684227,-77.451194,exit
70969,36.080663,-79.959774,exit
70970,37.542121,-77.927083,city
70971,37.683073,-77.668620,exit
70973,35.990803,-79.992713,city
70974,37.531399,-77.476009,city
70975,37.401451,-77.424712,exit
70976,36.085507,-80.063772,exit
70977,35.793134,-78.580759,exit
70978,35.753464,-78.651382,exit
70979,35.896849,-78.787989,exit
70980,37.781209,-77.888397,exit
70982,37.516124,-77.189776,exit
70983,36.592641,-78.616113,city
70984,35.968514,-77.808294,city
70985,36.067152,-80.310193,exit
70986,36.035068,-78.481650,city
70987,37.531399,-77.476009,city
70988,37.004295,-76.402779,exit
70989,36.836202,-76.063697,exit
70990,37.016023,-76.387088,exit
70991,37.117227,-76.502607,exit
70992,37.530084,-77.327889,exit
70993,37.719927,-77.448821,exit
70994,37.520933,-77.427123,exit
70995,37.357713,-77.404262,exit
70996,37.977089,-78.213819,exit
70997,37.484385,-77.649575,city
70998,36.863852,-76.362368,city
71001,37.637623,-77.452058,exit
71002,38.037658,-78.485381,city
71003,37.520933,-77.427123,exit
71004,37.860140,-77.464149,city
71005,37.575835,-77.462733,exit
71006,37.585765,-77.469364,exit
71007,33.845984,-86.826599,exit
71009,35.948057,-83.203321,exit
71010,38.223646,-85.540877,exit
71011,41.391362,-73.520224,exit
71012,41.074593,-73.467565,exit
71013,41.958343,-70.663800,city
71014,39.196955,-76.766229,exit
71018,42.163106,-92.026206,city
71019,44.455645,-93.170311,city
71020,30.529807,-96.699724,city
71021,41.293210,-89.071036,city
71022,29.651252,-97.660690,exit
71023,31.853913,-103.092387,city
71024,40.914233,-90.643075,city
71025,43.949222,-88.094881,city
71027,42.185743,-93.586885,city
71029,41.902993,-88.037885,exit
71030,32.337199,-111.066006,exit
71032,39.473699,-118.777896,city
71033,39.163798,-119.767403,city
71034,37.655086,-113.082354,exit
71036,38.468783,-107.858959,city
71037,41.137115,-77.453239,city
71039,41.192779,-80.967852,city
71042,39.189746,-119.754824,exit
71046,39.140183,-84.505829,city
71047,34.318841,-112.123348,exit
71050,41.945386,-85.629548,city
71051,40.081836,-76.764989,exit
71053,37.621542,-88.987635,exit
71055,36.069163,-86.430288,exit
71056,34.572995,-86.989901,city
71057,44.663897,-121.160438,city
71058,44.545738,-93.575585,city
71059,30.635418,-81.569584,city
71060,36.481599,-80.751667,exit
71061,33.401663,-81.421899,city
71062,38.932612,-111.854416,exit
71063,35.085277,-106.747540,exit
71064,39.791608,-88.264545,exit
71065,40.287727,-109.987983,city
71066,32.749591,-83.714439,exit
71067,34.553063,-82.004964,exit
71071,45.125706,-92.672961,city
71072,31.974754,-83.753883,exit
71073,37.740952,-88.957901,exit
71074,42.110435,-88.301351,city
71075,30.830247,-97.601455,exit
71076,42.044596,-91.586160,city
71077,46.883760,-96.097961,city
71079,31.847780,-106.431106,city
71080,42.567559,-79.112817,city
71083,33.365531,-82.073422,city
71084,36.127949,-95.902316,city
71085,40.104149,-84.621322,city
71086,41.895343,-88.220469,city
71087,47.101592,-119.316432,exit
71088,42.230425,-91.185925,city
71090,35.346300,-101.380508,city
71091,39.418112,-92.436544,city
71094,41.159335,-92.630333,city
71095,31.143606,-85.092504,city
71096,41.510684,-87.634069,city
71097,41.685746,-88.066734,exit
71098,41.814540,-76.377646,city
71099,41.427079,-87.759438,exit
71101,41.389721,-88.192722,exit
71102,32.798650,-97.319315,exit
71103,41.111407,-100.765610,exit
71104,33.082160,-80.207800,exit
71105,36.789606,-98.664882,city
71106,37.739453,-97.318754,exit
71107,42.398125,-94.628870,city
71108,29.834592,-94.540712,exit
71109,45.693888,-90.405493,city
71110,43.189405,-88.728910,city
71111,34.457240,-85.689474,city
71112,41.325108,-72.882515,exit
71113,44.663897,-121.160438,city
71114,38.113189,-77.408871,city
71115,38.676621,-87.509956,city
71116,32.763494,-94.350835,city
71117,33.402865,-82.007661,exit
71118,42.425559,-89.009455,city
71119,32.112306,-81.237957,exit
71120,33.091279,-82.014290,city
71121,32.270314,-107.759724,exit
71123,32.777701,-111.620198,exit
71124,30.289120,-81.980713,exit
71126,34.209247,-80.995293,city
71127,29.595053,-97.971702,exit
71129,35.278771,-80.793733,exit
71131,34.939509,-82.075152,exit
71132,31.911639,-94.682767,city
71133,28.681087,-99.179980,exit
71134,34.607206,-105.212594,city
71136,35.426233,-77.992690,exit
71138,48.817282,-122.548276,exit
71139,41.661736,-88.428596,city
71140,43.086506,-88.764386,exit
71141,40.644778,-88.809413,exit
71142,42.259300,-89.063478,city
71143,41.909630,-95.064442,city
71144,45.302445,-96.442223,city
71145,39.550843,-85.775290,exit
71146,40.815943,-96.432585,city
71147,35.979763,-97.031290,city
71148,42.888808,-93.210037,city
71149,43.596710,-84.775972,city
71150,42.923712,-114.934055,exit
71151,38.728108,-88.084219,city
71152,41.397969,-84.124984,city
71153,45.319253,-92.695792,city
71154,44.427698,-93.203788,city
71155,43.134854,-88.226041,city
71158,28.055496,-81.954772,city
71160,42.888616,-85.490089,exit
71161,35.594190,-78.133164,exit
71162,41.244573,-82.608950,city
71163,42.156809,-76.877410,exit
71164,41.843684,-77.274420,city
71165,33.809661,-81.006310,exit
71166,38.468783,-107.858959,city
71167,41.434284,-88.194994,exit
71168,40.954203,-117.753443,exit
71169,40.880825,-85.505497,city
71170,46.911242,-98.010046,exit
71171,31.112120,-97.355813,exit
71172,30.158074,-96.395646,city
71173,32.112306,-81.237957,exit
71176,34.290100,-83.829106,city
71177,34.510147,-89.922298,exit
71179,34.293399,-81.546182,exit
71181,34.998360,-81.991421,exit
71185,40.580177,-75.708363,exit
71186,34.521487,-82.643517,city
71187,42.698900,-87.901553,city
71188,32.713424,-83.730848,exit
71189,33.958189,-81.231382,exit
71190,41.562498,-109.542069,exit
71191,40.775366,-111.927266,city
71193,36.737914,-95.948484,city
71194,35.536324,-98.658930,exit
71195,35.533182,-98.237630,exit
71196,35.744773,-98.739686,city
71197,36.134487,-99.772706,city
71198,43.952364,-92.065088,exit
71199,34.090760,-88.007682,exit
71200,41.162680,-96.138234,exit
71201,41.786987,-72.658247,exit
71202,33.456804,-80.728485,exit
71206,38.955477,-119.110120,city
71207,41.551066,-87.789192,exit
71208,37.531399,-77.476009,city
71209,28.325350,-82.324587,exit
71210,32.781954,-97.348573,city
71211,34.877908,-92.131475,city
71212,36.191438,-94.155062,city
71213,36.318085,-94.152287,city
71214,39.972391,-104.751289,exit
71215,40.478187,-104.915260,city
71216,41.878670,-93.571515,exit
71217,41.699873,-93.447983,city
71218,37.383321,-93.152154,city
71219,37.804880,-92.221228,exit
71221,39.159070,-94.497283,exit
71223,32.830179,-88.477118,city
71227,29.277391,-98.657373,city
71228,40.686720,-98.951426,exit
71229,42.063733,-88.078384,exit
71230,42.195280,-88.085191,city
71232,43.850271,-104.196487,city
71233,27.953132,-99.381277,exit
71234,29.944015,-89.966005,city
71239,40.132717,-95.237846,exit
71240,35.417542,-86.016568,exit
71241,35.870321,-84.440787,exit
71244,41.244214,-112.015859,exit
71245,42.839194,-112.410558,exit
71246,35.192770,-101.738025,exit
71247,31.784797,-89.055401,exit
71248,28.171102,-81.595209,city
71249,33.605126,-85.831259,exit
71250,35.160859,-111.272064,exit
71251,39.989889,-76.021247,city
71252,34.496597,-81.844071,exit
71253,29.131309,-98.894616,exit
71255,38.953111,-93.088676,exit
71256,37.147424,-92.768837,city
71257,46.272083,-96.612203,city
71259,30.537316,-88.239554,exit
71260,41.098946,-81.022871,city
71261,42.481114,-82.916966,exit
71262,39.948772,-82.682798,exit
71263,37.618087,-104.759675,exit
71264,35.023580,-106.638820,exit
71265,38.222444,-80.537959,city
71266,36.273885,-82.922739,exit
71267,42.275163,-85.588501,city
71268,40.602862,-112.001544,city
71269,42.717854,-114.515790,city
71270,32.489828,-99.748756,exit
71271,34.517396,-112.249650,city
71275,31.716130,-99.130320,city
71276,28.051812,-82.015269,exit
71277,29.206649,-82.184574,exit
71278,42.913981,-88.855090,city
71281,34.864938,-114.147188,exit
71282,30.115184,-97.326562,city
71283,32.282734,-81.040703,city
71284,34.747372,-89.454187,exit
71285,47.619335,-122.351538,city
71286,26.524048,-81.794933,exit
71287,29.980012,-90.313464,exit
71288,39.872812,-82.932358,exit
71289,26.656374,-81.799479,exit
71290,31.578117,-84.176224,city
71291,38.627372,-88.972312,exit
71295,38.992734,-80.228243,city
71298,32.071713,-96.447275,exit
71299,31.503562,-97.145207,exit
71300,42.280116,-84.306407,exit
71301,40.259749,-89.219926,exit
71302,41.956369,-91.670851,exit
71303,44.038973,-88.736994,city
71305,29.131309,-98.894616,exit
71307,37.002969,-88.324770,exit
71308,36.187731,-86.270725,exit
71309,39.725258,-82.606274,city
71310,29.008592,-82.034809,city
71311,32.673027,-85.331571,exit
71313,33.995153,-96.392540,city
71314,32.489073,-91.991079,exit
71315,43.417492,-88.181685,city
71316,44.663291,-90.171736,city
71318,42.005018,-87.992045,city
71319,28.665895,-80.869599,exit
71320,38.759052,-94.964728,exit
71321,43.114798,-94.679579,city
71322,45.233350,-88.006947,city
71323,40.298067,-111.699463,city
71324,34.774632,-82.463667,exit
71325,32.528760,-93.673823,exit
71326,41.322594,-81.443123,city
71327,41.296602,-105.591215,exit
71328,42.187364,-71.195971,city
71329,33.279091,-87.095997,exit
71330,43.067069,-76.472920,city
71331,45.135634,-90.342467,city
71332,32.114838,-103.189996,city
71333,32.374752,-98.970487,exit
71334,31.853913,-103.092387,city
71335,34.191118,-101.723500,city
71336,32.713561,-100.911902,city
71337,32.214544,-98.219885,city
71338,42.985668,-90.653242,city
71339,41.680134,-93.576850,exit
71340,44.312067,-94.468896,city
71341,36.020009,-87.333792,exit
71342,44.723772,-94.486595,city
71343,32.087765,-98.338865,city
71344,33.190910,-101.381519,city
71345,31.712856,-98.977053,city
71346,32.454514,-99.738147,city
71347,32.412024,-99.489701,exit
71348,32.730479,-103.161383,city
71349,31.754497,-103.154117,city
71350,32.321336,-102.551846,city
71351,31.900484,-98.604364,city
71352,32.851662,-104.423703,city
71353,34.429478,-103.629365,city
71354,31.900484,-98.604364,city
71355,32.214544,-98.219885,city
71356,31.422912,-103.493229,city
71357,31.853913,-103.092387,city
71358,32.400528,-104.238257,city
71359,32.489828,-99.748756,exit
71360,31.441078,-100.450499,city
71361,31.374052,-100.307587,city
71362,32.214544,-98.219885,city
71363,32.214544,-98.219885,city
71364,40.289116,-84.168209,city
71365,43.614608,-88.495215,city
71366,42.587526,-87.879996,city
71367,31.572872,-102.910446,exit
71368,41.556820,-90.603948,city
71369,43.515662,-116.147387,exit
71370,35.504913,-108.831598,exit
71371,38.705239,-93.235819,city
71372,46.916394,-95.057932,city
71376,26.720882,-81.452469,city
71377,40.000287,-104.715795,exit
71378,33.462829,-112.212533,exit
71379,34.659185,-92.402712,exit
71381,46.006588,-91.489684,city
71382,43.475368,-88.827871,city
71383,41.521464,-85.061427,city
71384,43.455646,-96.824025,city
71385,39.799578,-84.008482,city
71386,40.460824,-87.663572,city
71387,41.682576,-93.000158,exit
71388,41.217120,-96.617844,city
71389,34.442584,-79.372912,exit
71390,38.757547,-90.060766,exit
71391,34.885369,-92.379610,exit
71392,41.242747,-87.635847,city
71393,45.314330,-94.300807,city
71394,32.414877,-97.227541,exit
71395,42.965986,-90.129723,city
71397,31.732058,-84.168546,city
71398,41.781953,-93.722792,city
71399,39.003936,-94.063391,city
71401,45.027510,-92.960835,exit
71402,33.670780,-112.452637,city
71404,33.688543,-112.112855,exit
71405,33.572154,-112.090132,city
71406,33.462716,-112.161999,exit
71407,33.572154,-112.090132,city
71408,33.428595,-112.064726,exit
71410,33.399355,-111.715968,city
71411,33.304556,-111.972334,exit
71412,33.282765,-111.851819,city
71413,33.382718,-111.540534,city
71416,32.259505,-111.001485,exit
71417,32.180970,-110.951346,exit
71418,32.161461,-110.916470,exit
71421,31.847780,-106.431106,city
71428,42.862334,-89.537640,city
71429,33.572154,-112.090132,city
71430,36.332237,-86.703149,city
71433,41.964226,-91.679164,city
71434,43.179596,-95.843346,city
71435,35.276612,-80.806445,exit
71436,44.358207,-106.657551,exit
71437,43.438840,-112.121128,exit
71438,32.012457,-81.194157,city
71439,30.570000,-87.031315,exit
71440,47.674070,-117.240227,exit
71441,40.451670,-109.538086,city
71442,37.672944,-85.849111,exit
71443,40.362468,-83.762780,city
71444,37.272499,-93.114050,exit
71445,43.796802,-90.056849,exit
71446,41.599922,-90.618028,exit
71447,44.114402,-88.717052,city
71449,36.233499,-115.264037,city
71450,34.814570,-106.761094,exit
71452,33.724820,-102.759210,city
71453,33.373442,-104.529393,city
71454,32.730479,-103.161383,city
71455,33.662399,-101.683697,city
71456,35.151517,-103.725092,exit
71457,33.983561,-99.724374,city
71458,33.476582,-100.850215,city
71460,35.643066,-101.596432,city
71461,36.376494,-103.018876,city
71462,32.730479,-103.161383,city
71463,32.730479,-103.161383,city
71464,33.159775,-99.732032,city
71465,32.469389,-100.408651,city
71466,33.140921,-100.224867,city
71467,34.471372,-101.304049,city
71468,33.046193,-99.597021,city
71469,33.724820,-102.759210,city
71470,31.401081,-103.483403,exit
71471,32.400528,-104.238257,city
71472,32.640775,-100.750485,city
71473,34.032294,-98.920245,city
71474,30.213041,-97.125801,city
71476,42.837439,-88.734282,city
71477,44.544225,-87.706741,city
71478,34.266133,-85.186052,city
71479,34.466199,-84.435863,city
71480,36.057513,-102.512290,city
71481,48.570870,-97.186408,exit
71482,47.472588,-111.360533,exit
71484,31.960219,-83.751566,exit
71485,34.724035,-80.779336,city
71486,38.676621,-87.509956,city
71487,38.948489,-112.350356,exit
71488,43.738024,-98.958268,exit
71490,33.645402,-85.503011,exit
71491,36.759269,-89.538001,exit
71492,38.241779,-86.359389,exit
71493,32.540285,-92.617505,exit
71494,43.001707,-78.415778,exit
71495,39.614373,-86.073122,exit
71496,40.848267,-81.776894,city
71498,45.141269,-89.155225,city
71499,43.005939,-89.731704,city
71500,43.971196,-91.266515,city
71502,32.374752,-98.970487,exit
71503,37.975876,-100.850884,city
71504,41.268573,-112.025788,exit
71505,42.785184,-88.395573,city
71506,43.401476,-95.743031,city
71509,44.430445,-72.008582,city
71510,38.173766,-84.811472,exit
71511,33.949597,-83.370088,city
71512,28.472265,-81.322452,city
71514,31.871360,-106.673424,city
71515,38.314205,-88.917470,city
71516,42.261452,-79.745736,exit
71517,35.665136,-80.491886,city
71518,35.013599,-90.793207,city
71519,32.346251,-86.268593,city
71520,44.860850,-92.625708,city
71521,42.837439,-88.734282,city
71522,30.689858,-92.274165,city
71523,33.172709,-87.447315,exit
71524,40.896720,-81.430691,exit
71525,35.968610,-83.250484,exit
71526,42.967304,-76.851929,exit
71527,41.541084,-75.949058,city
71528,44.772446,-106.936766,exit
71529,44.818343,-91.494769,city
71531,38.717662,-95.077862,city
71534,38.955477,-119.110120,city
71535,40.622305,-116.913704,exit
71536,34.956249,-106.664660,exit
71542,40.525685,-104.712987,city
71543,32.786351,-115.560206,city
71555,43.041618,-91.135408,city
71556,44.957957,-90.802185,city
71557,35.742643,-95.356864,city
71558,34.639435,-102.723119,city
71559,32.211560,-99.798256,city
71560,32.683509,-107.154228,exit
71561,31.897745,-97.089397,exit
71562,42.944868,-74.360316,exit
71563,43.301618,-91.784750,city
71564,47.368761,-102.746214,city
71565,31.847780,-106.431106,city
71566,44.171124,-93.975605,city
71567,41.898291,-72.639775,exit
71568,38.809322,-94.920513,city
71570,36.094790,-89.862102,city
71571,28.516578,-82.404665,city
71572,37.123551,-77.224856,city
71573,27.967876,-82.474586,city
71574,32.533799,-82.929633,city
71575,32.857673,-96.969481,city
71576,32.857673,-96.969481,city
71577,36.446037,-103.148873,city
71578,33.214355,-86.823080,city
71579,43.738713,-87.731531,city
71580,41.679924,-112.141241,exit
71582,34.770117,-80.385705,city
71583,27.920309,-81.599564,city
71586,42.138944,-73.797118,city
71590,36.448996,-104.595443,exit
71592,36.874409,-95.094401,city
71594,39.264887,-87.119306,city
71595,39.708646,-91.399521,city
71596,33.370646,-105.226373,city
71597,34.066414,-102.524194,city
71598,32.895547,-97.539230,city
71600,31.730264,-96.181797,exit
71601,35.688540,-78.571421,exit
71603,32.833298,-109.697418,city
71604,40.771057,-112.026056,exit
71605,32.883619,-105.963607,city
71606,33.508770,-102.005554,city
71607,47.103987,-119.343173,exit
71608,45.526690,-94.171008,city
71609,35.441389,-95.986411,city
71610,32.533480,-83.083619,city
71612,30.618989,-81.649797,exit
71614,35.162557,-81.454646,exit
71615,35.065296,-98.244469,city
71616,32.820740,-98.077212,city
71617,29.491677,-82.865931,city
71618,39.732196,-94.220486,exit
71619,36.092074,-79.697730,exit
71621,34.191118,-101.723500,city
71622,30.538686,-88.187573,city
71623,31.698670,-87.772868,city
71624,40.739907,-114.058161,exit
71625,37.474528,-105.876956,city
71627,33.028350,-83.910242,exit
71628,33.142269,-86.750000,exit
71629,45.560772,-93.227702,city
71630,36.383939,-80.474220,city
71631,34.572995,-86.989901,city
71632,32.295645,-81.233312,city
71634,34.270604,-88.732455,city
71635,35.853915,-86.421224,city
71636,35.853915,-86.421224,city
71637,33.587382,-102.163501,city
71638,29.607104,-98.269026,exit
71639,39.671843,-80.871549,city
71640,33.937948,-83.709982,city
71641,33.572154,-112.090132,city
71642,36.941815,-111.513283,city
71643,32.464911,-97.266453,exit
71644,32.385624,-100.959444,exit
71646,30.489831,-84.425676,exit
71647,37.979201,-91.718900,exit
71648,36.556060,-87.249011,exit
71649,32.756751,-98.912985,city
71650,31.895705,-100.485006,city
71651,30.073784,-97.826501,exit
71652,41.080456,-81.521429,city
71653,37.264534,-107.874124,city
71654,42.103949,-89.022884,exit
71655,38.223949,-86.586374,city
71656,45.199475,-96.022226,city
71657,37.126012,-92.103986,city
71659,41.922145,-72.260206,exit
71661,35.458120,-93.482305,exit
71662,41.445874,-97.733273,city
71663,34.990291,-101.918951,city
71664,39.457769,-77.978212,city
71666,44.759057,-93.364213,city
71667,28.519620,-82.240584,exit
71668,35.783369,-80.871654,city
71672,32.246824,-97.748052,city
71673,34.632441,-82.599709,exit
71674,45.560772,-93.227702,city
71676,40.399524,-86.862782,city
71679,35.199903,-101.830194,city
71680,33.950528,-90.765091,city
71681,41.718019,-94.928372,city
71682,41.670270,-87.737085,city
71683,41.516866,-88.147963,city
71685,31.188735,-94.780741,city
71686,32.477492,-100.012045,exit
71687,32.411751,-100.861391,exit
71688,42.559781,-88.976988,exit
71689,43.192932,-88.122565,exit
71691,35.107367,-101.362882,city
71692,34.186402,-83.593599,exit
71694,43.053115,-85.906816,exit
71695,43.825075,-91.224570,city
71696,32.472825,-93.837531,exit
71697,41.168364,-79.046070,exit
71698,41.655654,-91.530863,city
71699,42.569211,-87.952749,exit
71700,30.109053,-83.582275,city
71701,44.429327,-88.080370,city
71702,36.578174,-79.858290,city
71704,32.853968,-96.561456,exit
71705,27.845659,-97.569393,exit
71706,33.989989,-81.099907,city
71707,40.042061,-76.300990,city
71708,37.466792,-77.426726,exit
71709,35.065958,-85.248386,city
71710,41.837907,-94.093255,city
71712,38.990517,-110.188473,exit
71713,35.801651,-90.624688,exit
71714,25.775163,-80.208615,city
71715,31.441078,-100.450499,city
71716,32.400528,-104.238257,city
71717,42.599001,-88.714273,city
71718,42.025725,-93.622491,city
71719,45.250435,-93.024568,exit
71721,38.658226,-87.160361,city
71722,40.143920,-104.542860,city
71723,35.547853,-100.965030,city
71724,32.820740,-98.077212,city
71725,31.225360,-101.939438,city
71726,44.329282,-93.967656,city
71735,46.266113,-119.121426,city
71736,34.061991,-84.681121,city
71737,30.371885,-81.761002,exit
71738,42.727923,-90.468103,city
71739,32.307817,-81.873626,exit
71740,33.531594,-81.725073,city
71741,33.496752,-82.315344,exit
71769,35.945135,-78.109064,city
71770,41.082414,-75.964862,exit
71771,37.603518,-93.416730,city
71772,45.411367,-92.624466,city
71773,41.990174,-92.580342,city
71774,39.294493,-90.406894,city
71775,37.046108,-100.927706,city
71776,32.616737,-85.401745,exit
71779,33.462941,-112.180934,exit
71784,28.055496,-81.954772,city
71785,40.950470,-75.972509,city
71786,40.110523,-79.384183,exit
71787,40.062208,-95.599013,city
71792,43.873552,-95.119136,city
71793,39.004733,-77.405368,city
71794,46.452209,-90.150432,city
71795,32.988886,-85.029605,exit
71797,41.661955,-93.494229,exit
71798,46.323528,-122.912634,exit
71800,37.945092,-91.883128,exit
71801,42.781514,-96.173311,city
71802,30.906306,-102.879281,exit
71803,32.031606,-101.988075,exit
71804,41.795013,-88.370931,exit
71805,36.022237,-86.559384,city
71806,27.241608,-80.829311,city
71807,44.521542,-87.986568,city
71808,35.065958,-85.248386,city
71811,40.042061,-76.300990,city
71812,43.624134,-87.788108,city
71813,42.671581,-91.912787,city
71814,29.215184,-99.777215,city
71815,41.228391,-111.968147,city
71816,39.682920,-111.838497,exit
71817,44.799965,-91.440111,city
71818,39.837685,-89.520623,exit
71822,32.304560,-101.876248,city
71823,42.469788,-93.996792,city
71824,29.459775,-98.524263,city
71826,46.477579,-90.049836,city
71827,45.076721,-94.187548,city
71828,44.822676,-87.369806,city
71829,46.774458,-92.134135,city
71830,34.908793,-91.197391,exit
71831,36.289539,-97.327773,exit
71832,41.020726,-81.867136,city
71833,31.532321,-87.891183,city
71835,31.915011,-87.737204,city
71836,35.592490,-77.372739,city
71837,39.438528,-77.411687,city
71838,39.871768,-76.483020,city
71839,40.521313,-75.777288,city
71840,41.718593,-71.092943,city
71841,39.122539,-94.741781,city
71844,41.303585,-82.979425,city
71845,32.749910,-98.011469,city
71848,32.374380,-82.066613,exit
71849,35.191305,-102.063961,exit
71850,43.571067,-87.797455,exit
71851,31.885139,-97.074106,city
71852,45.825917,-91.886125,city
71853,32.412024,-99.489701,exit
71854,33.766936,-96.580667,city
71855,43.101708,-76.181187,exit
71856,36.977479,-84.110907,exit
71857,33.606870,-81.844280,exit
71858,32.510947,-92.191883,exit
71859,31.926600,-97.649091,city
71860,30.375400,-89.741397,exit
71862,41.772258,-81.052983,city
71864,38.004666,-91.619128,exit
71865,32.909866,-96.444501,exit
71866,38.151597,-85.714096,exit
71867,45.465150,-98.469782,city
71868,28.827059,-82.500999,city
71869,32.089274,-81.127342,exit
71870,33.188670,-86.274799,city
71871,44.628500,-91.955793,city
71872,41.540249,-94.012353,exit
71873,45.166757,-93.030819,exit
71874,40.015115,-78.503017,city
71875,32.152046,-94.337111,city
71876,35.732619,-84.394916,exit
71877,41.420897,-88.365055,exit
71878,39.725258,-82.606274,city
71879,41.509570,-87.970555,city
71883,30.541624,-97.544249,city
71886,31.136149,-81.466936,city
71887,40.961687,-96.443043,city
71888,43.172857,-111.020875,city
71889,34.243841,-111.318964,city
71890,35.191873,-111.621998,exit
71892,27.489798,-82.576804,city
71893,25.775163,-80.208615,city
71894,31.612364,-94.652046,city
71897,31.039648,-104.817697,exit
71898,40.538838,-88.998342,exit
71899,41.419361,-91.067286,city
71902,27.560379,-99.489181,city
71903,32.969300,-97.680424,city
71904,41.758855,-81.047254,exit
71906,41.144108,-87.265807,exit
71909,33.439611,-84.148899,city
71910,44.319480,-93.302219,exit
71911,39.221661,-111.022676,city
71912,33.029273,-96.527140,city
71913,39.414711,-86.431699,city
71914,36.844919,-87.463850,exit
71916,33.201160,-79.991538,city
71919,33.393993,-97.176778,exit
71922,39.015681,-96.287096,city
71923,39.725092,-82.955291,city
71924,41.192013,-79.424311,exit
71925,35.027460,-85.364290,exit
71926,38.881359,-94.522744,city
71927,34.657061,-99.309046,city
71929,30.084912,-94.145330,city
71931,30.850126,-83.278833,city
71932,40.748067,-86.354722,city
71933,36.883729,-89.587199,city
71934,39.649596,-83.559277,city
71935,42.633081,-73.782984,exit
71936,33.930400,-98.515643,exit
71937,44.841154,-93.790349,city
71941,32.643401,-85.353079,exit
71942,43.105566,-76.209664,city
71943,32.024174,-102.113307,city
71944,33.436339,-93.987118,city
71945,34.983742,-90.904661,exit
71946,31.216246,-99.843965,city
71947,41.033251,-81.864335,exit
71948,44.464282,-96.251729,city
71949,40.884763,-82.658168,city
71950,40.275264,-81.596034,city
71951,38.362372,-78.941645,city
71953,34.688137,-90.380937,city
71957,37.945577,-90.724632,city
71958,40.530048,-81.481028,city
71960,40.819060,-81.931557,city
71961,40.694805,-81.702164,city
71962,40.738216,-82.781327,city
71965,34.321575,-92.443067,city
71966,36.221771,-82.329224,city
71967,31.578117,-84.176224,city
71968,30.708862,-85.018296,city
71969,44.988261,-73.432406,city
71970,34.955780,-89.841185,city
71971,40.568049,-74.556612,exit
71972,39.588119,-77.816074,exit
71973,35.689477,-78.614599,city
71975,37.140663,-80.404512,city
71976,30.460059,-81.675936,exit
71977,41.777407,-88.446525,city
71978,41.017975,-95.799453,city
71979,31.880461,-102.345314,city
71980,31.441078,-100.450499,city
71981,35.592490,-77.372739,city
71982,40.750819,-112.191221,city
71983,41.112959,-102.949121,exit
71984,42.671601,-88.536256,city
71985,42.477592,-95.783158,city
71988,28.541217,-81.597043,city
71990,32.713561,-100.911902,city
71991,39.839579,-95.728101,city
71992,38.725150,-75.602811,city
71994,28.055496,-81.954772,city
71995,35.008374,-105.664213,exit
71996,44.276540,-87.782391,exit
71997,26.424012,-81.421556,city
71999,34.893135,-82.160165,exit
72000,27.123799,-82.435785,city
72001,36.347411,-86.716681,exit
72003,34.171299,-80.971568,exit
72004,38.658391,-75.614092,city
72006,44.782176,-69.546316,city
72008,33.611829,-92.067718,city
72009,32.438286,-96.225646,city
72011,31.064037,-98.182783,city
72012,31.557886,-97.190841,city
72013,33.150196,-94.153230,city
72014,32.520234,-94.761114,city
72015,33.668929,-95.546616,city
72016,31.557886,-97.190841,city
72017,33.668929,-95.546616,city
72018,31.742153,-98.936602,city
72019,33.190910,-101.381519,city
72020,32.127068,-99.165775,city
72021,31.206257,-97.033576,city
72022,31.438667,-97.746027,city
72024,48.313526,-102.400796,city
72025,48.112578,-98.874762,city
72026,46.871581,-102.307361,exit
72028,47.649308,-99.627008,city
72029,48.394617,-102.943490,city
72030,44.272580,-105.498936,city
72031,46.977244,-96.883954,exit
72033,34.195397,-82.153665,city
72034,40.775366,-111.927266,city
72038,31.244474,-90.471593,city
72039,30.403387,-84.808087,city
72041,30.442850,-85.045401,city
72044,35.259164,-112.192757,exit
72045,39.689628,-110.859599,city
72046,44.016858,-116.920712,city
72054,34.445294,-88.665958,city
72060,32.830179,-88.477118,city
72063,38.815721,-76.756752,city
72066,29.590227,-97.968607,city
72067,29.362271,-98.854753,city
72071,32.917188,-80.065424,city
72072,32.332270,-81.390385,city
72073,36.056356,-79.389436,city
72074,31.498334,-97.230789,city
72075,41.765933,-72.681579,city
72077,34.690376,-89.975517,city
72078,26.332231,-98.146995,exit
72080,32.722194,-102.649813,city
72081,27.870608,-97.207906,city
72082,40.743479,-85.172111,city
72083,31.307305,-89.317434,city
72084,41.783315,-76.792222,city
72086,31.112417,-86.046735,city
72087,40.711417,-74.064760,city
72089,37.103437,-85.307537,city
72090,35.535973,-97.945469,city
72091,35.923446,-76.240631,city
72092,35.791136,-77.637775,city
72096,32.546925,-82.866967,city
72097,34.032294,-98.920245,city
72100,34.869188,-89.689993,city
72101,42.383370,-83.296597,city
72104,35.718208,-96.888630,exit
72105,34.926128,-95.773619,city
72106,34.642789,-97.162467,city
72108,48.443445,-101.716317,city
72110,33.561901,-101.888883,city
72111,35.206857,-101.653651,exit
72112,33.406101,-110.841873,city
72113,41.509570,-87.970555,city
72114,35.776774,-80.863609,exit
72115,34.347992,-89.025632,city
72116,41.379243,-82.099620,city
72118,41.604341,-87.961572,city
72119,41.843333,-87.790926,city
72120,32.439408,-81.775106,city
72122,45.390622,-92.149832,city
72124,40.683423,-80.273427,city
72125,39.351870,-85.963755,city
72126,40.181891,-85.508155,city
72128,39.971672,-86.371739,city
72130,42.109981,-88.371882,city
72132,38.011128,-84.208577,exit
72134,41.372238,-81.054986,city
72136,33.160332,-95.112387,exit
72139,35.109164,-89.968511,city
72142,41.730404,-85.885690,exit
72143,39.751215,-99.320973,city
72144,36.976832,-86.433661,city
72145,33.090996,-84.339467,city
72146,41.126731,-76.309451,city
72148,32.468190,-99.985673,exit
72149,37.291010,-77.298944,city
72150,30.137746,-94.404277,city
72153,32.378268,-82.594019,city
72154,32.212079,-82.402187,city
72155,36.881797,-97.055292,city
72156,36.084865,-91.071044,city
72157,36.263366,-90.971224,city
72160,35.747810,-83.980234,city
72162,31.553199,-88.534283,city
72163,40.508074,-74.652880,city
72170,26.165697,-97.824832,exit
72171,30.048440,-82.072478,city
72175,32.016714,-97.095768,exit
72180,35.393292,-94.598097,exit
72181,35.947801,-91.546977,city
72182,29.651252,-97.660690,exit
72184,32.155615,-90.122454,city
72185,32.346251,-86.268593,city
72188,30.072962,-90.555022,city
72189,39.502952,-84.364893,city
72190,34.214676,-78.043370,city
72191,41.695214,-85.955432,city
72192,41.175720,-73.156950,exit
72193,34.877628,-96.412889,city
72194,41.642624,-87.636046,city
72195,40.925868,-75.094062,city
72196,41.039260,-80.554010,city
72197,38.795702,-90.515364,city
72199,38.767377,-90.412125,exit
72200,33.781445,-89.811547,city
72201,31.025014,-96.487494,city
72202,39.574341,-119.715154,city
72205,30.904933,-84.573047,city
72206,41.902995,-87.863644,city
72207,41.670270,-87.737085,city
72210,35.466360,-78.163242,city
72212,33.201160,-79.991538,city
72215,43.048124,-76.563607,city
72216,44.020402,-107.961653,city
72217,37.399069,-79.195294,city
72219,33.605937,-86.021359,city
72222,48.586353,-93.407743,city
72224,40.724220,-74.172574,city
72225,39.066961,-78.962483,city
72226,34.351262,-89.536981,city
72227,34.834689,-89.563407,city
72228,33.940848,-80.395543,city
72229,33.940848,-80.395543,city
72230,35.725577,-78.879919,city
72231,43.749153,-105.494834,city
72232,41.724778,-87.828005,city
72233,33.730898,-101.843846,city
72235,37.841977,-88.616482,city
72236,37.250842,-76.009662,city
72237,38.879421,-75.824452,city
72238,39.300061,-76.610518,city
72239,38.573766,-75.571226,city
72240,39.491232,-76.666767,exit
72241,40.003284,-75.073241,exit
72243,37.978334,-85.697747,exit
72247,32.452843,-91.489976,city
72248,35.109164,-89.968511,city
72250,34.008306,-85.044978,city
72251,42.383037,-83.102237,city
72256,44.127110,-69.243676,city
72257,35.993046,-76.939899,city
72259,42.110435,-88.301351,city
72260,36.697157,-76.634781,city
72261,34.114416,-88.693131,city
72262,37.311604,-77.397954,exit
72263,32.510742,-84.874098,city
72264,33.668929,-95.546616,city
72266,35.193087,-86.871339,exit
72267,42.080443,-88.334802,exit
72268,31.736914,-99.325425,city
72273,32.828017,-79.972896,city
72274,33.005587,-80.177379,city
72276,41.676643,-86.268809,city
72277,42.523364,-78.475525,city
72278,34.682019,-79.275473,exit
72279,41.885751,-91.057925,city
72281,39.457304,-76.308724,exit
72282,40.809096,-73.905615,exit
72285,32.347445,-84.788021,city
72287,36.105811,-97.898615,city
72288,41.678282,-83.694649,exit
72289,30.123528,-93.754548,city
72290,30.839422,-83.978781,city
72291,30.194189,-82.917342,city
72292,28.498283,-81.548243,city
72293,30.794456,-85.228410,city
72294,44.924538,-73.119353,city
72295,29.969288,-94.001714,city
72296,33.190910,-101.381519,city
72297,34.085129,-84.985629,city
72298,32.131695,-101.792457,city
72302,32.203022,-88.039354,city
72303,31.585757,-89.238683,exit
72305,36.993719,-91.701863,city
72308,27.241608,-80.829311,city
72309,33.993995,-86.089940,exit
72310,28.359232,-82.689659,city
72313,32.806892,-81.942039,city
72314,41.820973,-88.187474,city
72315,42.233209,-88.334360,city
72316,42.336278,-88.291519,city
72317,38.224692,-85.741067,city
72318,41.844537,-87.759290,city
72319,41.844537,-87.759290,city
72320,36.198303,-86.345523,city
72321,35.993627,-86.594078,exit
72324,39.351019,-85.501189,city
72325,39.359735,-94.756320,city
72326,38.958227,-85.843467,exit
72328,25.775163,-80.208615,city
72329,41.405188,-99.640758,city
72330,41.379243,-82.099620,city
72331,34.602685,-96.420791,city
72332,28.446118,-99.760322,city
72333,31.290828,-82.252927,city
72335,40.738216,-82.781327,city
72337,42.717854,-114.515790,city
72338,29.354242,-99.161846,city
72339,30.239608,-85.530139,city
72340,41.425266,-88.266579,city
72342,39.026134,-86.937364,city
72343,46.443632,-120.421507,city
72344,37.729145,-84.299364,city
72345,46.380242,-120.312583,city
72346,30.816418,-92.655855,city
72347,42.264173,-84.759355,exit
72348,41.800683,-87.928172,city
72349,42.265448,-88.887758,city
72350,41.928186,-88.747585,city
72351,40.456069,-86.847605,exit
72352,32.064026,-93.562759,exit
72360,41.780044,-99.134214,city
72361,41.105207,-100.725391,exit
72362,40.774465,-98.371523,city
72363,40.921352,-98.358559,city
72368,32.636554,-116.165109,exit
72372,32.376730,-98.831178,exit
72373,44.257811,-70.257865,city
72374,44.319278,-70.522647,city
72376,31.039691,-84.878424,city
72378,40.198826,-85.395059,city
72380,30.255733,-94.207864,city
72382,30.084912,-94.145330,city
72385,41.101654,-87.863690,city
72387,38.820082,-82.190972,city
72389,31.880461,-102.345314,city
72390,36.127949,-95.902316,city
72391,36.127949,-95.902316,city
72394,34.674656,-82.536875,exit
72395,31.438667,-97.746027,city
72396,24.732338,-81.025122,city
72400,34.149337,-78.093605,city
72402,34.540870,-78.794660,city
72403,35.831456,-78.639558,city
72408,30.565572,-81.831917,city
72410,42.276331,-88.964814,exit
72412,42.235178,-88.975113,city
72413,27.920309,-81.599564,city
72418,25.775163,-80.208615,city
72419,39.761850,-104.881105,city
72420,37.077006,-113.576534,city
72424,40.583790,-74.227457,city
72425,34.733896,-78.790896,city
72428,32.336101,-90.072874,city
72429,32.192015,-81.205725,city
72430,33.312832,-85.752278,city
72432,31.782586,-97.584316,city
72433,32.744227,-89.533452,city
72435,37.680800,-113.079828,exit
72436,41.976616,-88.018775,city
72437,38.570074,-109.547801,city
72438,41.871001,-87.866991,exit
72440,39.705193,-77.321301,city
72441,41.775844,-78.016038,city
72442,40.216359,-79.615144,exit
72443,39.755388,-77.726887,exit
72444,35.708707,-81.294987,exit
72445,41.123772,-80.769879,exit
72446,41.663008,-78.809016,city
72447,36.592641,-78.616113,city
72448,35.607118,-85.907448,city
72456,34.893135,-82.160165,exit
72458,26.720882,-81.452469,city
72459,26.524048,-81.794933,exit
72462,45.771544,-111.189796,exit
72466,34.906602,-110.186252,exit
72467,40.184594,-77.238719,exit
72468,34.171758,-109.306826,city
72471,41.655562,-88.125291,exit
72473,26.192237,-97.696157,city
72475,34.265076,-110.038286,city
72476,46.837718,-100.873930,exit
72477,34.688740,-86.675075,city
72478,34.688740,-86.675075,city
72479,32.713561,-100.911902,city
72480,37.104823,-93.818683,city
72481,44.302775,-92.787281,city
72482,40.654167,-76.103989,city
72483,38.740280,-85.818447,exit
72485,33.373442,-104.529393,city
72486,39.742000,-104.428707,city
72487,26.157048,-97.940914,exit
72488,37.128559,-113.525708,exit
72489,41.430561,-86.892347,city
72490,35.505281,-98.355062,city
72492,40.417205,-104.772887,city
72493,32.238769,-107.415732,exit
72494,29.226457,-98.790953,exit
72495,35.199903,-101.830194,city
72496,31.597425,-96.154078,exit
72497,37.069302,-94.403746,exit
72498,40.374349,-82.830090,exit
72499,32.324880,-109.484456,city
72500,41.681533,-88.533084,city
72501,41.365310,-89.125702,exit
72502,34.419016,-79.412369,exit
72503,35.162812,-90.169988,exit
72505,43.628733,-95.599702,city
72506,38.758829,-85.397135,city
72507,38.964501,-112.338349,city
72510,39.898255,-80.185537,city
72514,40.081255,-93.602387,city
72515,39.162169,-91.872770,city
72519,34.969195,-78.959887,city
72520,38.761267,-93.717581,city
72521,37.672131,-92.659670,city
72522,40.023952,-92.490779,city
72523,36.986752,-91.961551,city
72524,40.829055,-74.015478,city
72526,40.050567,-94.525167,city
72528,39.228504,-92.837742,city
72529,39.418112,-92.436544,city
72530,38.630306,-92.567079,city
72531,36.967436,-93.718596,city
72533,40.711417,-74.064760,city
72534,40.136503,-95.233739,city
72535,40.728381,-92.871391,city
72536,40.203239,-93.124004,city
72537,38.371172,-93.768142,city
72538,36.595255,-90.246295,city
72540,39.441456,-91.062033,city
72541,40.442988,-95.383516,city
72542,39.693022,-92.039652,city
72543,38.371172,-93.768142,city
72544,44.099650,-102.838283,city
72546,36.763259,-90.413953,city
72548,33.907634,-94.822280,city
72550,36.664903,-114.565012,exit
72551,40.530692,-97.597135,city
72552,42.782846,-112.854211,city
72553,40.855495,-82.259384,exit
72556,31.450806,-98.573520,city
72557,32.099728,-81.323409,exit
72558,36.198303,-86.345523,city
72559,32.541069,-90.093199,exit
72560,41.795231,-85.650404,city
72561,40.087411,-104.980424,exit
72562,39.457769,-77.978212,city
72563,30.875473,-88.047388,exit
72565,35.456827,-84.604613,city
72566,39.455374,-108.048830,exit
72567,29.353246,-98.126163,city
72569,34.433717,-84.124407,city
72570,43.501807,-87.847551,city
72571,46.607442,-120.487225,exit
72572,39.957153,-104.770220,exit
72574,32.251804,-109.835698,city
72575,30.931213,-88.595896,city
72576,41.838090,-72.577836,city
72577,41.577755,-87.566630,exit
72578,32.183352,-90.257505,exit
72579,33.940848,-80.395543,city
72580,44.934653,-91.389165,city
72581,43.297746,-73.679039,exit
72582,43.096382,-75.225983,city
72583,41.012418,-76.491765,exit
72584,39.574341,-119.715154,city
72585,42.280490,-87.911362,exit
72586,30.477874,-92.076667,exit
72587,32.451014,-100.396994,exit
72588,33.229153,-98.160792,city
72589,34.726733,-100.541655,city
72590,41.113155,-114.953537,city
72591,33.600656,-86.321501,exit
72592,39.120662,-88.550859,city
72594,33.449204,-94.085008,city
72595,39.388156,-77.885552,city
72596,36.766504,-88.643580,exit
72597,41.239564,-80.816015,city
72599,40.777453,-99.746755,city
72603,39.775443,-86.030707,exit
72606,39.193986,-93.363500,city
72607,45.834782,-109.948266,city
72608,37.726330,-89.876493,city
72610,35.697792,-90.050352,exit
72611,46.285373,-87.441915,city
72612,37.672131,-92.659670,city
72614,38.666723,-80.770361,city
72615,40.810284,-96.674856,city
72616,37.981442,-90.041779,city
72619,34.638284,-88.229144,city
72620,48.286803,-99.429551,city
72621,39.223279,-93.065347,city
72622,36.792821,-89.962969,city
72623,41.516866,-88.147963,city
72625,40.342515,-94.870048,city
72626,35.819370,-90.453905,city
72628,33.741354,-81.839467,city
72629,38.348438,-91.497361,city
72630,38.855146,-91.950802,city
72631,41.604341,-87.961572,city
72633,38.532265,-93.522945,city
72634,34.822603,-102.400163,city
72635,42.355049,-71.716157,city
72637,36.003164,-83.775318,exit
72639,34.087080,-96.774665,city
72640,46.550698,-87.395833,city
72642,38.082160,-117.224586,city
72643,35.467079,-97.513657,city
72644,40.480312,-104.991780,exit
72645,32.424420,-111.163632,exit
72646,32.733338,-101.953773,city
72647,32.499936,-87.826922,city
72648,38.441886,-105.220899,city
72649,41.979455,-114.664598,city
72650,28.417683,-99.252307,exit
72651,32.099728,-81.323409,exit
72652,30.446596,-97.601326,city
72653,34.955780,-89.841185,city
72655,36.566226,-87.345893,city
72656,32.321336,-102.551846,city
72660,34.488248,-87.282287,city
72663,31.771864,-84.443499,city
72664,32.759535,-97.026105,exit
72666,31.136028,-83.438938,exit
72667,33.831333,-93.395109,exit
72668,31.429885,-110.964850,exit
72669,37.689344,-97.348353,city
72672,30.877062,-96.595217,city
72674,38.299548,-88.946272,exit
72675,41.048632,-102.071425,exit
72676,43.637883,-95.593663,exit
72677,45.826888,-88.059435,city
72678,41.556168,-84.769373,city
72679,26.318374,-98.153480,city
72680,30.397071,-87.668458,city
72681,39.801040,-105.025442,exit
72682,40.360658,-111.785602,exit
72683,37.987737,-87.534705,city
72685,29.182878,-98.844199,exit
72687,44.544335,-95.098341,city
72688,39.896844,-83.723167,exit
72689,29.575379,-98.008374,exit
72690,41.370356,-72.200981,exit
72691,37.195337,-93.292363,city
72693,36.967436,-93.718596,city
72694,34.680388,-82.203667,exit
72695,32.491141,-94.358436,exit
72696,32.833389,-83.733547,exit
72698,30.423777,-89.138711,exit
72699,41.927526,-88.037786,exit
72700,33.469270,-82.495116,city
72701,38.255079,-90.402589,exit
72702,32.596259,-93.831865,exit
72705,37.123551,-77.224856,city
72706,36.481599,-80.751667,exit
72707,39.055681,-104.850847,exit
72709,43.134854,-88.226041,city
72710,43.587285,-96.692109,exit
72711,44.973292,-92.550082,city
72713,43.540696,-96.731962,city
72714,32.898178,-85.141622,city
72715,34.914231,-114.152598,exit
72716,30.839068,-82.007342,city
72719,36.889846,-113.930982,exit
72721,34.688740,-86.675075,city
72723,35.038825,-110.697847,exit
72724,35.220234,-112.472091,exit
72725,33.766936,-96.580667,city
72727,41.837907,-94.093255,city
72728,40.624769,-96.952498,city
72732,41.680134,-93.576850,exit
72733,33.372432,-79.280793,city
72734,41.272121,-72.967497,city
72735,33.456804,-80.728485,exit
72736,32.497216,-82.978913,exit
72737,33.511175,-82.446061,exit
72738,38.567461,-92.175254,city
72739,32.883619,-105.963607,city
72740,40.690217,-99.380164,exit
72741,41.117257,-88.414333,exit
72742,33.633541,-84.304272,exit
72743,41.330733,-87.796345,city
72745,43.973292,-75.910039,city
72746,32.981132,-80.077844,exit
72747,35.504913,-108.831598,exit
72748,34.163316,-84.801066,city
72749,44.822676,-87.369806,city
72750,32.016714,-97.095768,exit
72752,30.800259,-88.103365,exit
72753,35.192617,-101.778870,exit
72754,33.243188,-84.271861,city
72755,39.831624,-86.035443,exit
72756,41.658275,-86.897620,exit
72757,30.469843,-89.687810,exit
72758,32.491141,-94.358436,exit
72759,32.733338,-101.953773,city
72760,30.839422,-83.978781,city
72761,34.718502,-87.702586,city
72763,43.084149,-75.755495,city
72764,41.904009,-72.564473,city
72765,43.222785,-76.812133,city
72766,33.078895,-97.493199,city
72767,40.204293,-104.980141,exit
72768,41.207490,-87.866954,exit
72769,33.561901,-101.888883,city
72770,33.197195,-80.604507,exit
72771,34.791867,-82.415768,exit
72772,34.178732,-79.395723,city
72773,32.655050,-96.750790,exit
72774,30.123528,-93.754548,city
72775,32.489540,-99.720060,exit
72776,31.671652,-83.635525,city
72778,43.076063,-96.171151,city
72779,42.490985,-88.994012,exit
72781,39.993658,-81.738064,city
72782,41.107047,-80.887421,exit
72783,39.896056,-83.432525,city
72784,41.772645,-107.081309,exit
72785,41.576107,-88.116351,city
72786,38.046099,-97.322810,exit
72787,35.352812,-97.494454,exit
72788,39.802214,-104.984648,exit
72789,30.212739,-90.922402,city
72791,37.349795,-108.576100,city
72792,43.107825,-78.990548,exit
72793,48.984554,-122.733184,exit
72795,30.074520,-97.851239,city
72796,33.502078,-112.359363,city
72797,45.667036,-94.811599,exit
72798,43.427899,-96.166347,city
72799,41.843288,-89.477547,city
72801,35.072433,-91.901059,city
72802,42.037060,-71.303325,exit
72803,30.507853,-99.774647,exit
72804,36.153987,-86.757316,exit
72805,28.037188,-97.501457,city
72806,32.896824,-93.862345,exit
72808,33.308550,-96.979088,city
72809,29.747901,-81.346538,exit
72810,36.159289,-95.921968,exit
72811,36.039317,-95.785220,city
72812,45.402192,-91.844350,city
72813,32.448383,-97.770090,city
72814,33.795069,-97.134953,exit
72815,40.134804,-88.242915,exit
72816,35.199903,-101.830194,city
72817,30.955999,-97.532691,exit
72818,32.326996,-86.334747,exit
72819,27.560379,-99.489181,city
72820,31.391782,-102.350269,city
72821,32.436147,-103.149043,city
72822,32.454514,-99.738147,city
72827,31.880461,-102.345314,city
72828,32.454514,-99.738147,city
72830,31.406042,-103.553921,exit
72831,32.730479,-103.161383,city
72835,31.194112,-101.453406,city
72836,32.713561,-100.911902,city
72837,32.286235,-104.097756,city
72839,32.730479,-103.161383,city
72841,32.967871,-102.832225,city
72844,31.422912,-103.493229,city
72847,32.238341,-101.485739,city
72848,31.225360,-101.939438,city
72849,32.024174,-102.113307,city
72851,32.024174,-102.113307,city
72853,31.146366,-89.406281,city
72855,41.629436,-88.245648,city
72857,35.518409,-97.766172,city
72859,40.040240,-86.897970,city
72860,33.940848,-80.395543,city
72861,33.191297,-87.257509,exit
72863,33.744008,-90.728476,city
72864,30.904933,-84.573047,city
72867,46.574544,-111.974601,exit
72868,43.467966,-112.085533,exit
72869,44.295169,-105.449934,exit
72871,32.688955,-114.580983,exit
72872,27.560379,-99.489181,city
72873,42.276331,-88.964814,exit
72874,29.731120,-98.073839,exit
72875,30.668155,-97.698775,city
72876,34.680388,-82.203667,exit
72877,30.579881,-88.172604,exit
72879,29.972311,-98.904698,city
72880,32.124437,-81.307750,city
72882,35.422207,-96.299913,exit
72884,30.651958,-87.763533,exit
72885,31.233698,-85.406823,city
72886,30.877062,-96.595217,city
72888,30.747713,-99.228603,city
72889,32.967871,-102.832225,city
72891,41.678569,-87.662066,exit
72893,27.647220,-80.393136,city
72894,33.357052,-97.696224,city
72895,34.428920,-97.173869,city
72896,32.082404,-96.466700,city
72899,32.152046,-94.337111,city
72901,40.921352,-98.358559,city
72902,35.184548,-78.994693,city
72903,31.880461,-102.345314,city
72904,30.560168,-98.277286,city
72905,28.995013,-98.431185,exit
72906,38.217096,-104.620862,exit
72907,31.672557,-103.083824,city
72908,35.283020,-81.185667,exit
72909,40.842385,-96.736323,exit
72910,41.229271,-112.012513,exit
72912,38.932612,-111.854416,exit
72916,38.733875,-98.228017,city
72918,31.960219,-83.751566,exit
72919,39.784743,-84.199632,city
72920,38.798246,-90.591123,exit
72921,38.224789,-91.155717,exit
72922,41.645284,-81.414356,city
72923,31.580567,-90.443386,city
72924,34.608650,-89.980994,city
72925,34.301231,-79.867194,city
72926,43.951101,-86.279816,city
72927,40.819060,-81.931557,city
72930,43.938249,-90.812705,city
72933,33.712954,-84.106200,city
72934,27.800583,-97.396381,city
72935,29.241647,-81.456640,city
72936,28.689492,-82.114011,city
72937,35.013483,-78.700126,city
72938,36.102863,-80.260829,city
72939,33.803876,-84.409857,exit
72940,36.566226,-87.345893,city
72941,30.506006,-90.454857,city
72942,31.847780,-106.431106,city
72943,30.443835,-91.207410,city
72944,33.561901,-101.888883,city
72945,30.397071,-87.668458,city
72947,33.572154,-112.090132,city
72948,47.802746,-103.264774,city
72949,41.299394,-86.116852,city
72950,41.990328,-117.720796,city
72951,32.454514,-99.738147,city
72953,33.638647,-97.148413,city
72956,34.340107,-78.220365,city
72957,44.334904,-69.734199,city
72958,39.394604,-89.090809,city
72959,35.623772,-91.231682,city
72960,31.880461,-102.345314,city
72963,38.875231,-104.834811,exit
72965,36.196753,-115.138326,exit
72966,40.549986,-85.660420,city
72967,31.943709,-94.245706,city
72968,36.221000,-80.295776,city
72969,40.846581,-84.336474,city
72970,43.018129,-85.762826,exit
72972,37.078281,-94.105915,exit
72973,37.032717,-95.651580,city
72974,40.810284,-96.674856,city
72975,34.938272,-78.922877,exit
72976,30.231842,-92.530760,exit
72978,34.869188,-89.689993,city
72979,41.118304,-87.835648,exit
72981,34.710533,-86.762280,city
72982,30.280374,-91.903725,city
72983,30.188638,-82.642246,city
72984,36.571844,-115.720313,city
72985,41.885612,-87.978235,city
72986,42.038963,-88.325671,city
72987,31.422912,-103.493229,city
72988,42.195280,-88.085191,city
72989,39.451328,-84.359794,city
72990,35.801651,-90.624688,exit
72991,41.982499,-88.142926,city
72993,38.040638,-84.458238,city
72995,44.782595,-117.810746,exit
72996,40.966988,-80.655284,exit
72998,28.350178,-99.615258,city
72999,34.177289,-103.355084,city
73000,30.540750,-98.380615,city
73003,33.292209,-82.095983,city
73005,42.097129,-72.054968,city
73007,33.160004,-84.869342,exit
73008,30.298622,-97.754134,city
73009,31.529899,-94.110894,city
73012,29.459775,-98.524263,city
73013,35.056167,-90.689639,exit
73014,28.604200,-81.905646,city
73015,39.618004,-75.072981,city
73016,32.439408,-81.775106,city
73017,40.371817,-96.188706,city
73018,33.469793,-95.213550,city
73021,44.826081,-93.291932,exit
73025,34.301231,-79.867194,city
73026,41.667328,-87.984411,city
73028,35.965946,-114.912429,exit
73029,31.394486,-97.208558,exit
73030,42.233790,-88.812286,exit
73031,30.998809,-94.827486,city
73032,33.365531,-82.073422,city
73033,35.547853,-100.965030,city
73035,31.847780,-106.431106,city
73036,41.594705,-109.220921,city
73037,32.541800,-92.715485,exit
73039,35.080771,-82.062080,exit
73040,30.666016,-96.381049,city
73041,33.379246,-84.300003,city
73042,32.944466,-103.349225,city
73043,35.624665,-105.203055,exit
73044,43.489616,-112.035340,city
73045,47.666935,-117.433322,city
73046,33.834533,-79.049173,city
73047,39.751622,-86.226025,exit
73048,33.557007,-97.846164,city
73051,31.563875,-110.313192,city
73052,33.450260,-82.207393,city
73053,45.752203,-108.535671,exit
73055,44.369254,-69.335143,city
73056,35.109251,-78.985177,exit
73057,36.803056,-108.090177,city
73058,43.226002,-75.489523,city
73059,40.799544,-81.393893,exit
73061,31.847780,-106.431106,city
73062,27.800583,-97.396381,city
73063,45.336432,-93.004621,exit
73064,35.774191,-80.313729,exit
73065,34.141644,-84.739661,exit
73066,32.134813,-110.886739,exit
73067,46.051685,-96.835503,exit
73068,38.867255,-104.760749,city
73071,31.498334,-97.230789,city
73072,41.455193,-87.756816,exit
73073,32.487764,-82.935144,exit
73074,33.449204,-94.085008,city
73075,32.436147,-103.149043,city
73076,40.056542,-106.378216,city
73078,33.714990,-116.172750,exit
73079,33.303107,-111.972149,exit
73080,31.431052,-83.517275,exit
73081,35.389653,-99.402589,exit
73082,43.340632,-95.146655,city
73083,41.722808,-91.642145,exit
73084,44.954096,-92.371826,city
73085,30.778604,-83.296022,exit
73088,32.181296,-81.460294,exit
73090,35.297257,-82.407018,exit
73092,29.512488,-98.304625,city
73093,41.630992,-88.012334,exit
73094,42.225283,-83.267691,city
73095,32.230413,-90.159622,city
73096,45.402192,-91.844350,city
73098,44.949802,-91.153760,city
73099,43.434258,-96.712429,city
73100,40.740726,-111.949238,exit
73101,40.114006,-104.521274,exit
73103,33.545763,-83.205466,exit
73106,34.386353,-96.131101,city
73112,35.399458,-82.507920,exit
73114,32.134382,-96.955033,exit
73117,44.774972,-117.831808,city
73118,32.325067,-96.633799,city
73119,43.598884,-116.552621,exit
73120,42.498901,-90.707258,city
73125,43.102352,-88.335595,city
73126,44.570255,-91.666851,city
73127,41.810875,-87.762907,exit
73128,34.723294,-95.902895,city
73129,42.221261,-83.367437,city
73130,32.286409,-96.544836,exit
73131,35.610890,-80.518182,exit
